Transaction Ref,Gross Amount,Currency Code,Captured At,Idempotency Key
TXN-3MVDXHQ-000000,18182.82,INR,2026-08-19T17:43:00.073Z,gw-3MVDXHQ-TXN-3MVDXHQ-000000
TXN-3MVDXHQ-000001,6465.12,INR,2026-08-19T17:43:00.140Z,gw-3MVDXHQ-TXN-3MVDXHQ-000001
TXN-3MVDXHQ-000002,8695.64,INR,2026-08-19T17:43:00.298Z,gw-3MVDXHQ-TXN-3MVDXHQ-000002
TXN-3MVDXHQ-000003,21750.41,INR,2026-08-19T17:43:00.303Z,gw-3MVDXHQ-TXN-3MVDXHQ-000003
TXN-3MVDXHQ-000004,24841.35,INR,2026-08-19T17:43:00.440Z,gw-3MVDXHQ-TXN-3MVDXHQ-000004
TXN-3MVDXHQ-000005,42049.91,INR,2026-08-19T17:43:00.565Z,gw-3MVDXHQ-TXN-3MVDXHQ-000005
TXN-3MVDXHQ-000006,22329.86,INR,2026-08-19T17:43:00.667Z,gw-3MVDXHQ-TXN-3MVDXHQ-000006
TXN-3MVDXHQ-000007,34259.62,INR,2026-08-19T17:43:00.775Z,gw-3MVDXHQ-TXN-3MVDXHQ-000007
TXN-3MVDXHQ-000008,22476.60,INR,2026-08-19T17:43:00.881Z,gw-3MVDXHQ-TXN-3MVDXHQ-000008
TXN-3MVDXHQ-000009,5464.71,INR,2026-08-19T17:43:00.935Z,gw-3MVDXHQ-TXN-3MVDXHQ-000009
TXN-3MVDXHQ-000010,29071.05,INR,2026-08-19T17:43:01.061Z,gw-3MVDXHQ-TXN-3MVDXHQ-000010
TXN-3MVDXHQ-000011,44172.54,INR,2026-08-19T17:43:01.172Z,gw-3MVDXHQ-TXN-3MVDXHQ-000011
TXN-3MVDXHQ-000012,29536.81,INR,2026-08-19T17:43:01.294Z,gw-3MVDXHQ-TXN-3MVDXHQ-000012
TXN-3MVDXHQ-000013,7809.59,INR,2026-08-19T17:43:01.365Z,gw-3MVDXHQ-TXN-3MVDXHQ-000013
TXN-3MVDXHQ-000014,7883.24,INR,2026-08-19T17:43:01.485Z,gw-3MVDXHQ-TXN-3MVDXHQ-000014
TXN-3MVDXHQ-000015,7194.87,INR,2026-08-19T17:43:01.519Z,gw-3MVDXHQ-TXN-3MVDXHQ-000015
TXN-3MVDXHQ-000016,15590.38,INR,2026-08-19T17:43:01.616Z,gw-3MVDXHQ-TXN-3MVDXHQ-000016
TXN-3MVDXHQ-000017,10080.76,INR,2026-08-19T17:43:01.799Z,gw-3MVDXHQ-TXN-3MVDXHQ-000017
TXN-3MVDXHQ-000018,25445.68,INR,2026-08-19T17:43:01.811Z,gw-3MVDXHQ-TXN-3MVDXHQ-000018
TXN-3MVDXHQ-000019,40472.49,INR,2026-08-19T17:43:01.988Z,gw-3MVDXHQ-TXN-3MVDXHQ-000019
TXN-3MVDXHQ-000020,1189.42,INR,2026-08-19T17:43:02.020Z,gw-3MVDXHQ-TXN-3MVDXHQ-000020
TXN-3MVDXHQ-000021,41892.19,INR,2026-08-19T17:43:02.178Z,gw-3MVDXHQ-TXN-3MVDXHQ-000021
TXN-3MVDXHQ-000022,20900.42,INR,2026-08-19T17:43:02.273Z,gw-3MVDXHQ-TXN-3MVDXHQ-000022
TXN-3MVDXHQ-000023,40069.77,INR,2026-08-19T17:43:02.305Z,gw-3MVDXHQ-TXN-3MVDXHQ-000023
TXN-3MVDXHQ-000024,38638.91,INR,2026-08-19T17:43:02.466Z,gw-3MVDXHQ-TXN-3MVDXHQ-000024
TXN-3MVDXHQ-000025,49805.03,INR,2026-08-19T17:43:02.559Z,gw-3MVDXHQ-TXN-3MVDXHQ-000025
TXN-3MVDXHQ-000026,3548.83,INR,2026-08-19T17:43:02.616Z,gw-3MVDXHQ-TXN-3MVDXHQ-000026
TXN-3MVDXHQ-000027,18633.29,INR,2026-08-19T17:43:02.771Z,gw-3MVDXHQ-TXN-3MVDXHQ-000027
TXN-3MVDXHQ-000028,48438.19,INR,2026-08-19T17:43:02.809Z,gw-3MVDXHQ-TXN-3MVDXHQ-000028
TXN-3MVDXHQ-000029,30337.97,INR,2026-08-19T17:43:02.973Z,gw-3MVDXHQ-TXN-3MVDXHQ-000029
TXN-3MVDXHQ-000030,38285.85,INR,2026-08-19T17:43:03.000Z,gw-3MVDXHQ-TXN-3MVDXHQ-000030
TXN-3MVDXHQ-000031,2162.46,INR,2026-08-19T17:43:03.195Z,gw-3MVDXHQ-TXN-3MVDXHQ-000031
TXN-3MVDXHQ-000032,25632.82,INR,2026-08-19T17:43:03.244Z,gw-3MVDXHQ-TXN-3MVDXHQ-000032
TXN-3MVDXHQ-000033,1677.38,INR,2026-08-19T17:43:03.309Z,gw-3MVDXHQ-TXN-3MVDXHQ-000033
TXN-3MVDXHQ-000034,25155.90,INR,2026-08-19T17:43:03.480Z,gw-3MVDXHQ-TXN-3MVDXHQ-000034
TXN-3MVDXHQ-000035,20366.84,INR,2026-08-19T17:43:03.501Z,gw-3MVDXHQ-TXN-3MVDXHQ-000035
TXN-3MVDXHQ-000036,23369.60,INR,2026-08-19T17:43:03.687Z,gw-3MVDXHQ-TXN-3MVDXHQ-000036
TXN-3MVDXHQ-000037,11118.74,INR,2026-08-19T17:43:03.711Z,gw-3MVDXHQ-TXN-3MVDXHQ-000037
TXN-3MVDXHQ-000038,42946.03,INR,2026-08-19T17:43:03.876Z,gw-3MVDXHQ-TXN-3MVDXHQ-000038
TXN-3MVDXHQ-000039,26639.84,INR,2026-08-19T17:43:03.901Z,gw-3MVDXHQ-TXN-3MVDXHQ-000039
TXN-3MVDXHQ-000040,32031.33,INR,2026-08-19T17:43:04.073Z,gw-3MVDXHQ-TXN-3MVDXHQ-000040
TXN-3MVDXHQ-000041,16637.54,INR,2026-08-19T17:43:04.150Z,gw-3MVDXHQ-TXN-3MVDXHQ-000041
TXN-3MVDXHQ-000042,102.45,INR,2026-08-19T17:43:04.289Z,gw-3MVDXHQ-TXN-3MVDXHQ-000042
TXN-3MVDXHQ-000043,6131.38,INR,2026-08-19T17:43:04.376Z,gw-3MVDXHQ-TXN-3MVDXHQ-000043
TXN-3MVDXHQ-000044,25962.23,INR,2026-08-19T17:43:04.494Z,gw-3MVDXHQ-TXN-3MVDXHQ-000044
TXN-3MVDXHQ-000045,53.43,INR,2026-08-19T17:43:04.592Z,gw-3MVDXHQ-TXN-3MVDXHQ-000045
TXN-3MVDXHQ-000046,3579.89,INR,2026-08-19T17:43:04.613Z,gw-3MVDXHQ-TXN-3MVDXHQ-000046
TXN-3MVDXHQ-000047,12836.49,INR,2026-08-19T17:43:04.775Z,gw-3MVDXHQ-TXN-3MVDXHQ-000047
TXN-3MVDXHQ-000048,32523.00,INR,2026-08-19T17:43:04.877Z,gw-3MVDXHQ-TXN-3MVDXHQ-000048
TXN-3MVDXHQ-000049,21935.34,INR,2026-08-19T17:43:04.994Z,gw-3MVDXHQ-TXN-3MVDXHQ-000049
TXN-3MVDXHQ-000050,46664.50,INR,2026-08-19T17:43:05.080Z,gw-3MVDXHQ-TXN-3MVDXHQ-000050
TXN-3MVDXHQ-000051,17700.19,INR,2026-08-19T17:43:05.115Z,gw-3MVDXHQ-TXN-3MVDXHQ-000051
TXN-3MVDXHQ-000052,45053.03,INR,2026-08-19T17:43:05.262Z,gw-3MVDXHQ-TXN-3MVDXHQ-000052
TXN-3MVDXHQ-000053,17420.92,INR,2026-08-19T17:43:05.372Z,gw-3MVDXHQ-TXN-3MVDXHQ-000053
TXN-3MVDXHQ-000054,13157.29,INR,2026-08-19T17:43:05.469Z,gw-3MVDXHQ-TXN-3MVDXHQ-000054
TXN-3MVDXHQ-000055,39006.80,INR,2026-08-19T17:43:05.551Z,gw-3MVDXHQ-TXN-3MVDXHQ-000055
TXN-3MVDXHQ-000056,19594.47,INR,2026-08-19T17:43:05.619Z,gw-3MVDXHQ-TXN-3MVDXHQ-000056
TXN-3MVDXHQ-000057,36860.09,INR,2026-08-19T17:43:05.755Z,gw-3MVDXHQ-TXN-3MVDXHQ-000057
TXN-3MVDXHQ-000058,27471.26,INR,2026-08-19T17:43:05.892Z,gw-3MVDXHQ-TXN-3MVDXHQ-000058
TXN-3MVDXHQ-000059,25053.46,INR,2026-08-19T17:43:05.966Z,gw-3MVDXHQ-TXN-3MVDXHQ-000059
TXN-3MVDXHQ-000060,27270.33,INR,2026-08-19T17:43:06.096Z,gw-3MVDXHQ-TXN-3MVDXHQ-000060
TXN-3MVDXHQ-000061,19364.30,INR,2026-08-19T17:43:06.113Z,gw-3MVDXHQ-TXN-3MVDXHQ-000061
TXN-3MVDXHQ-000062,43673.63,INR,2026-08-19T17:43:06.204Z,gw-3MVDXHQ-TXN-3MVDXHQ-000062
TXN-3MVDXHQ-000063,1568.64,INR,2026-08-19T17:43:06.308Z,gw-3MVDXHQ-TXN-3MVDXHQ-000063
TXN-3MVDXHQ-000064,28312.83,INR,2026-08-19T17:43:06.442Z,gw-3MVDXHQ-TXN-3MVDXHQ-000064
TXN-3MVDXHQ-000065,48640.52,INR,2026-08-19T17:43:06.528Z,gw-3MVDXHQ-TXN-3MVDXHQ-000065
TXN-3MVDXHQ-000066,35715.27,INR,2026-08-19T17:43:06.639Z,gw-3MVDXHQ-TXN-3MVDXHQ-000066
TXN-3MVDXHQ-000067,30074.84,INR,2026-08-19T17:43:06.786Z,gw-3MVDXHQ-TXN-3MVDXHQ-000067
TXN-3MVDXHQ-000068,10984.27,INR,2026-08-19T17:43:06.843Z,gw-3MVDXHQ-TXN-3MVDXHQ-000068
TXN-3MVDXHQ-000069,23127.32,INR,2026-08-19T17:43:06.957Z,gw-3MVDXHQ-TXN-3MVDXHQ-000069
TXN-3MVDXHQ-000070,35366.66,INR,2026-08-19T17:43:07.016Z,gw-3MVDXHQ-TXN-3MVDXHQ-000070
TXN-3MVDXHQ-000071,1979.07,INR,2026-08-19T17:43:07.184Z,gw-3MVDXHQ-TXN-3MVDXHQ-000071
TXN-3MVDXHQ-000072,46274.60,INR,2026-08-19T17:43:07.227Z,gw-3MVDXHQ-TXN-3MVDXHQ-000072
TXN-3MVDXHQ-000073,39124.93,INR,2026-08-19T17:43:07.337Z,gw-3MVDXHQ-TXN-3MVDXHQ-000073
TXN-3MVDXHQ-000074,36640.00,INR,2026-08-19T17:43:07.447Z,gw-3MVDXHQ-TXN-3MVDXHQ-000074
TXN-3MVDXHQ-000075,6615.57,INR,2026-08-19T17:43:07.573Z,gw-3MVDXHQ-TXN-3MVDXHQ-000075
TXN-3MVDXHQ-000076,43381.27,INR,2026-08-19T17:43:07.674Z,gw-3MVDXHQ-TXN-3MVDXHQ-000076
TXN-3MVDXHQ-000077,14171.89,INR,2026-08-19T17:43:07.745Z,gw-3MVDXHQ-TXN-3MVDXHQ-000077
TXN-3MVDXHQ-000078,24013.47,INR,2026-08-19T17:43:07.826Z,gw-3MVDXHQ-TXN-3MVDXHQ-000078
TXN-3MVDXHQ-000079,5389.90,INR,2026-08-19T17:43:07.917Z,gw-3MVDXHQ-TXN-3MVDXHQ-000079
TXN-3MVDXHQ-000080,44095.15,INR,2026-08-19T17:43:08.085Z,gw-3MVDXHQ-TXN-3MVDXHQ-000080
TXN-3MVDXHQ-000081,40327.26,INR,2026-08-19T17:43:08.162Z,gw-3MVDXHQ-TXN-3MVDXHQ-000081
TXN-3MVDXHQ-000082,14809.97,INR,2026-08-19T17:43:08.245Z,gw-3MVDXHQ-TXN-3MVDXHQ-000082
TXN-3MVDXHQ-000083,44618.51,INR,2026-08-19T17:43:08.348Z,gw-3MVDXHQ-TXN-3MVDXHQ-000083
TXN-3MVDXHQ-000084,18460.72,INR,2026-08-19T17:43:08.422Z,gw-3MVDXHQ-TXN-3MVDXHQ-000084
TXN-3MVDXHQ-000085,31021.01,INR,2026-08-19T17:43:08.569Z,gw-3MVDXHQ-TXN-3MVDXHQ-000085
TXN-3MVDXHQ-000085,31021.01,INR,2026-08-19T17:43:08.569Z,gw-3MVDXHQ-TXN-3MVDXHQ-000085
TXN-3MVDXHQ-000086,36242.93,INR,2026-08-19T17:43:08.627Z,gw-3MVDXHQ-TXN-3MVDXHQ-000086
TXN-3MVDXHQ-000087,1411.93,INR,2026-08-19T17:43:08.754Z,gw-3MVDXHQ-TXN-3MVDXHQ-000087
TXN-3MVDXHQ-000088,48995.32,INR,2026-08-19T17:43:08.853Z,gw-3MVDXHQ-TXN-3MVDXHQ-000088
TXN-3MVDXHQ-000089,48818.59,INR,2026-08-19T17:43:08.965Z,gw-3MVDXHQ-TXN-3MVDXHQ-000089
TXN-3MVDXHQ-000090,37582.52,INR,2026-08-19T17:43:09.043Z,gw-3MVDXHQ-TXN-3MVDXHQ-000090
TXN-3MVDXHQ-000091,40701.19,INR,2026-08-19T17:43:09.176Z,gw-3MVDXHQ-TXN-3MVDXHQ-000091
TXN-3MVDXHQ-000092,28760.92,INR,2026-08-19T17:43:09.273Z,gw-3MVDXHQ-TXN-3MVDXHQ-000092
TXN-3MVDXHQ-000093,25275.40,INR,2026-08-19T17:43:09.326Z,gw-3MVDXHQ-TXN-3MVDXHQ-000093
TXN-3MVDXHQ-000094,31795.63,INR,2026-08-19T17:43:09.436Z,gw-3MVDXHQ-TXN-3MVDXHQ-000094
TXN-3MVDXHQ-000095,14068.93,INR,2026-08-19T17:43:09.542Z,gw-3MVDXHQ-TXN-3MVDXHQ-000095
TXN-3MVDXHQ-000096,49427.34,INR,2026-08-19T17:43:09.634Z,gw-3MVDXHQ-TXN-3MVDXHQ-000096
TXN-3MVDXHQ-000097,34303.93,INR,2026-08-19T17:43:09.798Z,gw-3MVDXHQ-TXN-3MVDXHQ-000097
TXN-3MVDXHQ-000098,48293.56,INR,2026-08-19T17:43:09.813Z,gw-3MVDXHQ-TXN-3MVDXHQ-000098
TXN-3MVDXHQ-000099,27066.31,INR,2026-08-19T17:43:09.984Z,gw-3MVDXHQ-TXN-3MVDXHQ-000099
TXN-3MVDXHQ-000100,7077.66,INR,2026-08-19T17:43:10.053Z,gw-3MVDXHQ-TXN-3MVDXHQ-000100
TXN-3MVDXHQ-000101,48168.32,INR,2026-08-19T17:43:10.115Z,gw-3MVDXHQ-TXN-3MVDXHQ-000101
TXN-3MVDXHQ-000102,32869.83,INR,2026-08-19T17:43:10.211Z,gw-3MVDXHQ-TXN-3MVDXHQ-000102
TXN-3MVDXHQ-000103,9568.96,INR,2026-08-19T17:43:10.380Z,gw-3MVDXHQ-TXN-3MVDXHQ-000103
TXN-3MVDXHQ-000104,39882.29,INR,2026-08-19T17:43:10.441Z,gw-3MVDXHQ-TXN-3MVDXHQ-000104
TXN-3MVDXHQ-000105,13089.04,INR,2026-08-19T17:43:10.529Z,gw-3MVDXHQ-TXN-3MVDXHQ-000105
TXN-3MVDXHQ-000106,34286.30,INR,2026-08-19T17:43:10.615Z,gw-3MVDXHQ-TXN-3MVDXHQ-000106
TXN-3MVDXHQ-000107,9021.50,INR,2026-08-19T17:43:10.729Z,gw-3MVDXHQ-TXN-3MVDXHQ-000107
TXN-3MVDXHQ-000108,37487.60,INR,2026-08-19T17:43:10.819Z,gw-3MVDXHQ-TXN-3MVDXHQ-000108
TXN-3MVDXHQ-000109,14734.86,INR,2026-08-19T17:43:10.967Z,gw-3MVDXHQ-TXN-3MVDXHQ-000109
TXN-3MVDXHQ-000110,46007.23,INR,2026-08-19T17:43:11.092Z,gw-3MVDXHQ-TXN-3MVDXHQ-000110
TXN-3MVDXHQ-000111,30869.77,INR,2026-08-19T17:43:11.196Z,gw-3MVDXHQ-TXN-3MVDXHQ-000111
TXN-3MVDXHQ-000112,40639.23,INR,2026-08-19T17:43:11.212Z,gw-3MVDXHQ-TXN-3MVDXHQ-000112
TXN-3MVDXHQ-000113,24785.33,INR,2026-08-19T17:43:11.361Z,gw-3MVDXHQ-TXN-3MVDXHQ-000113
TXN-3MVDXHQ-000114,37718.94,INR,2026-08-19T17:43:11.430Z,gw-3MVDXHQ-TXN-3MVDXHQ-000114
TXN-3MVDXHQ-000115,13226.29,INR,2026-08-19T17:43:11.530Z,gw-3MVDXHQ-TXN-3MVDXHQ-000115
TXN-3MVDXHQ-000116,15784.61,INR,2026-08-19T17:43:11.642Z,gw-3MVDXHQ-TXN-3MVDXHQ-000116
TXN-3MVDXHQ-000117,28851.90,INR,2026-08-19T17:43:11.741Z,gw-3MVDXHQ-TXN-3MVDXHQ-000117
TXN-3MVDXHQ-000118,34786.12,INR,2026-08-19T17:43:11.852Z,gw-3MVDXHQ-TXN-3MVDXHQ-000118
TXN-3MVDXHQ-000119,42365.57,INR,2026-08-19T17:43:11.924Z,gw-3MVDXHQ-TXN-3MVDXHQ-000119
TXN-3MVDXHQ-000120,6974.17,INR,2026-08-19T17:43:12.030Z,gw-3MVDXHQ-TXN-3MVDXHQ-000120
TXN-3MVDXHQ-000121,4663.91,INR,2026-08-19T17:43:12.169Z,gw-3MVDXHQ-TXN-3MVDXHQ-000121
TXN-3MVDXHQ-000122,45453.99,INR,2026-08-19T17:43:12.238Z,gw-3MVDXHQ-TXN-3MVDXHQ-000122
TXN-3MVDXHQ-000123,35567.29,INR,2026-08-19T17:43:12.325Z,gw-3MVDXHQ-TXN-3MVDXHQ-000123
TXN-3MVDXHQ-000124,6010.55,INR,2026-08-19T17:43:12.474Z,gw-3MVDXHQ-TXN-3MVDXHQ-000124
TXN-3MVDXHQ-000125,24267.37,INR,2026-08-19T17:43:12.587Z,gw-3MVDXHQ-TXN-3MVDXHQ-000125
TXN-3MVDXHQ-000126,47220.00,INR,2026-08-19T17:43:12.604Z,gw-3MVDXHQ-TXN-3MVDXHQ-000126
TXN-3MVDXHQ-000127,13167.64,INR,2026-08-19T17:43:12.751Z,gw-3MVDXHQ-TXN-3MVDXHQ-000127
TXN-3MVDXHQ-000128,10942.90,INR,2026-08-19T17:43:12.825Z,gw-3MVDXHQ-TXN-3MVDXHQ-000128
TXN-3MVDXHQ-000129,12625.53,INR,2026-08-19T17:43:12.959Z,gw-3MVDXHQ-TXN-3MVDXHQ-000129
TXN-3MVDXHQ-000130,47585.86,INR,2026-08-19T17:43:13.083Z,gw-3MVDXHQ-TXN-3MVDXHQ-000130
TXN-3MVDXHQ-000131,25115.68,INR,2026-08-19T17:43:13.103Z,gw-3MVDXHQ-TXN-3MVDXHQ-000131
TXN-3MVDXHQ-000132,23114.56,INR,2026-08-19T17:43:13.212Z,gw-3MVDXHQ-TXN-3MVDXHQ-000132
TXN-3MVDXHQ-000133,21116.87,INR,2026-08-19T17:43:13.329Z,gw-3MVDXHQ-TXN-3MVDXHQ-000133
TXN-3MVDXHQ-000134,1339.56,INR,2026-08-19T17:43:13.460Z,gw-3MVDXHQ-TXN-3MVDXHQ-000134
TXN-3MVDXHQ-000135,41386.55,INR,2026-08-19T17:43:13.536Z,gw-3MVDXHQ-TXN-3MVDXHQ-000135
TXN-3MVDXHQ-000136,24457.83,INR,2026-08-19T17:43:13.617Z,gw-3MVDXHQ-TXN-3MVDXHQ-000136
TXN-3MVDXHQ-000137,19488.21,INR,2026-08-19T17:43:13.731Z,gw-3MVDXHQ-TXN-3MVDXHQ-000137
TXN-3MVDXHQ-000138,31516.06,INR,2026-08-19T17:43:13.888Z,gw-3MVDXHQ-TXN-3MVDXHQ-000138
TXN-3MVDXHQ-000139,21635.24,INR,2026-08-19T17:43:13.919Z,gw-3MVDXHQ-TXN-3MVDXHQ-000139
TXN-3MVDXHQ-000140,47047.87,INR,2026-08-19T17:43:14.084Z,gw-3MVDXHQ-TXN-3MVDXHQ-000140
TXN-3MVDXHQ-000140,47047.87,INR,2026-08-19T17:43:14.084Z,gw-3MVDXHQ-TXN-3MVDXHQ-000140
TXN-3MVDXHQ-000141,20122.90,INR,2026-08-19T17:43:14.128Z,gw-3MVDXHQ-TXN-3MVDXHQ-000141
TXN-3MVDXHQ-000142,35331.19,INR,2026-08-19T17:43:14.221Z,gw-3MVDXHQ-TXN-3MVDXHQ-000142
TXN-3MVDXHQ-000143,38961.00,INR,2026-08-19T17:43:14.319Z,gw-3MVDXHQ-TXN-3MVDXHQ-000143
TXN-3MVDXHQ-000144,41495.14,INR,2026-08-19T17:43:14.445Z,gw-3MVDXHQ-TXN-3MVDXHQ-000144
TXN-3MVDXHQ-000145,48984.51,INR,2026-08-19T17:43:14.519Z,gw-3MVDXHQ-TXN-3MVDXHQ-000145
TXN-3MVDXHQ-000146,22221.04,INR,2026-08-19T17:43:14.658Z,gw-3MVDXHQ-TXN-3MVDXHQ-000146
TXN-3MVDXHQ-000147,22587.47,INR,2026-08-19T17:43:14.758Z,gw-3MVDXHQ-TXN-3MVDXHQ-000147
TXN-3MVDXHQ-000148,39673.18,INR,2026-08-19T17:43:14.887Z,gw-3MVDXHQ-TXN-3MVDXHQ-000148
TXN-3MVDXHQ-000149,11837.70,INR,2026-08-19T17:43:14.964Z,gw-3MVDXHQ-TXN-3MVDXHQ-000149
TXN-3MVDXHQ-000150,7433.30,INR,2026-08-19T17:43:15.047Z,gw-3MVDXHQ-TXN-3MVDXHQ-000150
TXN-3MVDXHQ-000151,21395.95,INR,2026-08-19T17:43:15.196Z,gw-3MVDXHQ-TXN-3MVDXHQ-000151
TXN-3MVDXHQ-000152,22313.97,INR,2026-08-19T17:43:15.257Z,gw-3MVDXHQ-TXN-3MVDXHQ-000152
TXN-3MVDXHQ-000153,9870.93,INR,2026-08-19T17:43:15.366Z,gw-3MVDXHQ-TXN-3MVDXHQ-000153
TXN-3MVDXHQ-000154,31451.41,INR,2026-08-19T17:43:15.478Z,gw-3MVDXHQ-TXN-3MVDXHQ-000154
TXN-3MVDXHQ-000155,2633.63,INR,2026-08-19T17:43:15.569Z,gw-3MVDXHQ-TXN-3MVDXHQ-000155
TXN-3MVDXHQ-000156,26565.85,INR,2026-08-19T17:43:15.629Z,gw-3MVDXHQ-TXN-3MVDXHQ-000156
TXN-3MVDXHQ-000157,37464.57,INR,2026-08-19T17:43:15.766Z,gw-3MVDXHQ-TXN-3MVDXHQ-000157
TXN-3MVDXHQ-000158,21355.25,INR,2026-08-19T17:43:15.872Z,gw-3MVDXHQ-TXN-3MVDXHQ-000158
TXN-3MVDXHQ-000159,1116.73,INR,2026-08-19T17:43:15.933Z,gw-3MVDXHQ-TXN-3MVDXHQ-000159
TXN-3MVDXHQ-000160,30903.88,INR,2026-08-19T17:43:16.054Z,gw-3MVDXHQ-TXN-3MVDXHQ-000160
TXN-3MVDXHQ-000161,16547.23,INR,2026-08-19T17:43:16.162Z,gw-3MVDXHQ-TXN-3MVDXHQ-000161
TXN-3MVDXHQ-000162,31448.45,INR,2026-08-19T17:43:16.212Z,gw-3MVDXHQ-TXN-3MVDXHQ-000162
TXN-3MVDXHQ-000163,22917.80,INR,2026-08-19T17:43:16.301Z,gw-3MVDXHQ-TXN-3MVDXHQ-000163
TXN-3MVDXHQ-000164,8857.19,INR,2026-08-19T17:43:16.433Z,gw-3MVDXHQ-TXN-3MVDXHQ-000164
TXN-3MVDXHQ-000165,47463.79,INR,2026-08-19T17:43:16.562Z,gw-3MVDXHQ-TXN-3MVDXHQ-000165
TXN-3MVDXHQ-000166,38853.18,INR,2026-08-19T17:43:16.601Z,gw-3MVDXHQ-TXN-3MVDXHQ-000166
TXN-3MVDXHQ-000167,41040.66,INR,2026-08-19T17:43:16.736Z,gw-3MVDXHQ-TXN-3MVDXHQ-000167
TXN-3MVDXHQ-000168,25943.46,INR,2026-08-19T17:43:16.868Z,gw-3MVDXHQ-TXN-3MVDXHQ-000168
TXN-3MVDXHQ-000169,7430.32,INR,2026-08-19T17:43:16.922Z,gw-3MVDXHQ-TXN-3MVDXHQ-000169
TXN-3MVDXHQ-000170,40956.78,INR,2026-08-19T17:43:17.093Z,gw-3MVDXHQ-TXN-3MVDXHQ-000170
TXN-3MVDXHQ-000171,34655.23,INR,2026-08-19T17:43:17.148Z,gw-3MVDXHQ-TXN-3MVDXHQ-000171
TXN-3MVDXHQ-000172,34861.76,INR,2026-08-19T17:43:17.247Z,gw-3MVDXHQ-TXN-3MVDXHQ-000172
TXN-3MVDXHQ-000173,7566.05,INR,2026-08-19T17:43:17.400Z,gw-3MVDXHQ-TXN-3MVDXHQ-000173
TXN-3MVDXHQ-000174,48094.98,INR,2026-08-19T17:43:17.403Z,gw-3MVDXHQ-TXN-3MVDXHQ-000174
TXN-3MVDXHQ-000175,17161.26,INR,2026-08-19T17:43:17.573Z,gw-3MVDXHQ-TXN-3MVDXHQ-000175
TXN-3MVDXHQ-000175,17161.26,INR,2026-08-19T17:43:17.573Z,gw-3MVDXHQ-TXN-3MVDXHQ-000175
TXN-3MVDXHQ-000176,34771.87,INR,2026-08-19T17:43:17.677Z,gw-3MVDXHQ-TXN-3MVDXHQ-000176
TXN-3MVDXHQ-000177,6680.46,INR,2026-08-19T17:43:17.726Z,gw-3MVDXHQ-TXN-3MVDXHQ-000177
TXN-3MVDXHQ-000178,28654.40,INR,2026-08-19T17:43:17.843Z,gw-3MVDXHQ-TXN-3MVDXHQ-000178
TXN-3MVDXHQ-000179,3557.75,INR,2026-08-19T17:43:17.962Z,gw-3MVDXHQ-TXN-3MVDXHQ-000179
TXN-3MVDXHQ-000180,3424.77,INR,2026-08-19T17:43:18.054Z,gw-3MVDXHQ-TXN-3MVDXHQ-000180
TXN-3MVDXHQ-000181,45883.03,INR,2026-08-19T17:43:18.117Z,gw-3MVDXHQ-TXN-3MVDXHQ-000181
TXN-3MVDXHQ-000182,35015.12,INR,2026-08-19T17:43:18.202Z,gw-3MVDXHQ-TXN-3MVDXHQ-000182
TXN-3MVDXHQ-000183,3032.62,INR,2026-08-19T17:43:18.304Z,gw-3MVDXHQ-TXN-3MVDXHQ-000183
TXN-3MVDXHQ-000184,10020.18,INR,2026-08-19T17:43:18.474Z,gw-3MVDXHQ-TXN-3MVDXHQ-000184
TXN-3MVDXHQ-000185,4066.73,INR,2026-08-19T17:43:18.559Z,gw-3MVDXHQ-TXN-3MVDXHQ-000185
TXN-3MVDXHQ-000186,15542.37,INR,2026-08-19T17:43:18.693Z,gw-3MVDXHQ-TXN-3MVDXHQ-000186
TXN-3MVDXHQ-000187,47495.92,INR,2026-08-19T17:43:18.764Z,gw-3MVDXHQ-TXN-3MVDXHQ-000187
TXN-3MVDXHQ-000188,26444.93,INR,2026-08-19T17:43:18.868Z,gw-3MVDXHQ-TXN-3MVDXHQ-000188
TXN-3MVDXHQ-000189,41915.05,INR,2026-08-19T17:43:18.915Z,gw-3MVDXHQ-TXN-3MVDXHQ-000189
TXN-3MVDXHQ-000190,30811.19,INR,2026-08-19T17:43:19.087Z,gw-3MVDXHQ-TXN-3MVDXHQ-000190
TXN-3MVDXHQ-000191,22691.57,INR,2026-08-19T17:43:19.180Z,gw-3MVDXHQ-TXN-3MVDXHQ-000191
TXN-3MVDXHQ-000192,45859.49,INR,2026-08-19T17:43:19.254Z,gw-3MVDXHQ-TXN-3MVDXHQ-000192
TXN-3MVDXHQ-000193,8284.56,INR,2026-08-19T17:43:19.316Z,gw-3MVDXHQ-TXN-3MVDXHQ-000193
TXN-3MVDXHQ-000194,37906.99,INR,2026-08-19T17:43:19.497Z,gw-3MVDXHQ-TXN-3MVDXHQ-000194
TXN-3MVDXHQ-000195,47904.52,INR,2026-08-19T17:43:19.555Z,gw-3MVDXHQ-TXN-3MVDXHQ-000195
TXN-3MVDXHQ-000196,36013.48,INR,2026-08-19T17:43:19.652Z,gw-3MVDXHQ-TXN-3MVDXHQ-000196
TXN-3MVDXHQ-000197,18727.03,INR,2026-08-19T17:43:19.724Z,gw-3MVDXHQ-TXN-3MVDXHQ-000197
TXN-3MVDXHQ-000198,4005.26,INR,2026-08-19T17:43:19.800Z,gw-3MVDXHQ-TXN-3MVDXHQ-000198
TXN-3MVDXHQ-000199,29903.28,INR,2026-08-19T17:43:19.992Z,gw-3MVDXHQ-TXN-3MVDXHQ-000199
TXN-3MVDXHQ-000200,25257.74,INR,2026-08-19T17:43:20.030Z,gw-3MVDXHQ-TXN-3MVDXHQ-000200
TXN-3MVDXHQ-000201,10314.85,INR,2026-08-19T17:43:20.122Z,gw-3MVDXHQ-TXN-3MVDXHQ-000201
TXN-3MVDXHQ-000202,35915.97,INR,2026-08-19T17:43:20.224Z,gw-3MVDXHQ-TXN-3MVDXHQ-000202
TXN-3MVDXHQ-000203,45043.47,INR,2026-08-19T17:43:20.388Z,gw-3MVDXHQ-TXN-3MVDXHQ-000203
TXN-3MVDXHQ-000204,35337.04,INR,2026-08-19T17:43:20.447Z,gw-3MVDXHQ-TXN-3MVDXHQ-000204
TXN-3MVDXHQ-000205,2166.99,INR,2026-08-19T17:43:20.523Z,gw-3MVDXHQ-TXN-3MVDXHQ-000205
TXN-3MVDXHQ-000206,13441.58,INR,2026-08-19T17:43:20.603Z,gw-3MVDXHQ-TXN-3MVDXHQ-000206
TXN-3MVDXHQ-000207,15952.50,INR,2026-08-19T17:43:20.781Z,gw-3MVDXHQ-TXN-3MVDXHQ-000207
TXN-3MVDXHQ-000208,468.65,INR,2026-08-19T17:43:20.852Z,gw-3MVDXHQ-TXN-3MVDXHQ-000208
TXN-3MVDXHQ-000209,49766.62,INR,2026-08-19T17:43:20.999Z,gw-3MVDXHQ-TXN-3MVDXHQ-000209
TXN-3MVDXHQ-000210,7330.99,INR,2026-08-19T17:43:21.027Z,gw-3MVDXHQ-TXN-3MVDXHQ-000210
TXN-3MVDXHQ-000211,4186.54,INR,2026-08-19T17:43:21.185Z,gw-3MVDXHQ-TXN-3MVDXHQ-000211
TXN-3MVDXHQ-000212,7706.25,INR,2026-08-19T17:43:21.218Z,gw-3MVDXHQ-TXN-3MVDXHQ-000212
TXN-3MVDXHQ-000213,38207.40,INR,2026-08-19T17:43:21.340Z,gw-3MVDXHQ-TXN-3MVDXHQ-000213
TXN-3MVDXHQ-000214,41063.08,INR,2026-08-19T17:43:21.465Z,gw-3MVDXHQ-TXN-3MVDXHQ-000214
TXN-3MVDXHQ-000215,49813.72,INR,2026-08-19T17:43:21.571Z,gw-3MVDXHQ-TXN-3MVDXHQ-000215
TXN-3MVDXHQ-000216,45888.59,INR,2026-08-19T17:43:21.699Z,gw-3MVDXHQ-TXN-3MVDXHQ-000216
TXN-3MVDXHQ-000217,32725.81,INR,2026-08-19T17:43:21.791Z,gw-3MVDXHQ-TXN-3MVDXHQ-000217
TXN-3MVDXHQ-000218,35405.41,INR,2026-08-19T17:43:21.802Z,gw-3MVDXHQ-TXN-3MVDXHQ-000218
TXN-3MVDXHQ-000219,26778.22,INR,2026-08-19T17:43:21.984Z,gw-3MVDXHQ-TXN-3MVDXHQ-000219
TXN-3MVDXHQ-000220,33369.63,INR,2026-08-19T17:43:22.019Z,gw-3MVDXHQ-TXN-3MVDXHQ-000220
TXN-3MVDXHQ-000221,13073.57,INR,2026-08-19T17:43:22.133Z,gw-3MVDXHQ-TXN-3MVDXHQ-000221
TXN-3MVDXHQ-000222,2686.54,INR,2026-08-19T17:43:22.216Z,gw-3MVDXHQ-TXN-3MVDXHQ-000222
TXN-3MVDXHQ-000223,32075.70,INR,2026-08-19T17:43:22.301Z,gw-3MVDXHQ-TXN-3MVDXHQ-000223
TXN-3MVDXHQ-000224,4309.84,INR,2026-08-19T17:43:22.462Z,gw-3MVDXHQ-TXN-3MVDXHQ-000224
TXN-3MVDXHQ-000225,45769.37,INR,2026-08-19T17:43:22.560Z,gw-3MVDXHQ-TXN-3MVDXHQ-000225
TXN-3MVDXHQ-000226,30396.73,INR,2026-08-19T17:43:22.672Z,gw-3MVDXHQ-TXN-3MVDXHQ-000226
TXN-3MVDXHQ-000227,47220.33,INR,2026-08-19T17:43:22.728Z,gw-3MVDXHQ-TXN-3MVDXHQ-000227
TXN-3MVDXHQ-000228,41815.63,INR,2026-08-19T17:43:22.807Z,gw-3MVDXHQ-TXN-3MVDXHQ-000228
TXN-3MVDXHQ-000229,49135.47,INR,2026-08-19T17:43:22.928Z,gw-3MVDXHQ-TXN-3MVDXHQ-000229
TXN-3MVDXHQ-000230,19428.39,INR,2026-08-19T17:43:23.068Z,gw-3MVDXHQ-TXN-3MVDXHQ-000230
TXN-3MVDXHQ-000231,48834.06,INR,2026-08-19T17:43:23.182Z,gw-3MVDXHQ-TXN-3MVDXHQ-000231
TXN-3MVDXHQ-000232,7435.55,INR,2026-08-19T17:43:23.239Z,gw-3MVDXHQ-TXN-3MVDXHQ-000232
TXN-3MVDXHQ-000233,35182.16,INR,2026-08-19T17:43:23.339Z,gw-3MVDXHQ-TXN-3MVDXHQ-000233
TXN-3MVDXHQ-000234,7211.39,INR,2026-08-19T17:43:23.484Z,gw-3MVDXHQ-TXN-3MVDXHQ-000234
TXN-3MVDXHQ-000235,24734.44,INR,2026-08-19T17:43:23.516Z,gw-3MVDXHQ-TXN-3MVDXHQ-000235
TXN-3MVDXHQ-000236,38415.65,INR,2026-08-19T17:43:23.673Z,gw-3MVDXHQ-TXN-3MVDXHQ-000236
TXN-3MVDXHQ-000237,44101.96,INR,2026-08-19T17:43:23.727Z,gw-3MVDXHQ-TXN-3MVDXHQ-000237
TXN-3MVDXHQ-000238,34148.93,INR,2026-08-19T17:43:23.813Z,gw-3MVDXHQ-TXN-3MVDXHQ-000238
TXN-3MVDXHQ-000239,44989.00,INR,2026-08-19T17:43:23.930Z,gw-3MVDXHQ-TXN-3MVDXHQ-000239
TXN-3MVDXHQ-000240,12593.74,INR,2026-08-19T17:43:24.098Z,gw-3MVDXHQ-TXN-3MVDXHQ-000240
TXN-3MVDXHQ-000241,11098.53,INR,2026-08-19T17:43:24.196Z,gw-3MVDXHQ-TXN-3MVDXHQ-000241
TXN-3MVDXHQ-000242,21788.18,INR,2026-08-19T17:43:24.248Z,gw-3MVDXHQ-TXN-3MVDXHQ-000242
TXN-3MVDXHQ-000243,3950.64,INR,2026-08-19T17:43:24.375Z,gw-3MVDXHQ-TXN-3MVDXHQ-000243
TXN-3MVDXHQ-000244,42048.02,INR,2026-08-19T17:43:24.447Z,gw-3MVDXHQ-TXN-3MVDXHQ-000244
TXN-3MVDXHQ-000245,39346.26,INR,2026-08-19T17:43:24.520Z,gw-3MVDXHQ-TXN-3MVDXHQ-000245
TXN-3MVDXHQ-000246,40226.60,INR,2026-08-19T17:43:24.676Z,gw-3MVDXHQ-TXN-3MVDXHQ-000246
TXN-3MVDXHQ-000247,26231.44,INR,2026-08-19T17:43:24.713Z,gw-3MVDXHQ-TXN-3MVDXHQ-000247
TXN-3MVDXHQ-000248,5073.91,INR,2026-08-19T17:43:24.848Z,gw-3MVDXHQ-TXN-3MVDXHQ-000248
TXN-3MVDXHQ-000249,905.61,INR,2026-08-19T17:43:24.907Z,gw-3MVDXHQ-TXN-3MVDXHQ-000249
TXN-3MVDXHQ-000250,49773.24,INR,2026-08-19T17:43:25.073Z,gw-3MVDXHQ-TXN-3MVDXHQ-000250
TXN-3MVDXHQ-000251,26030.32,INR,2026-08-19T17:43:25.195Z,gw-3MVDXHQ-TXN-3MVDXHQ-000251
TXN-3MVDXHQ-000252,47837.03,INR,2026-08-19T17:43:25.244Z,gw-3MVDXHQ-TXN-3MVDXHQ-000252
TXN-3MVDXHQ-000253,35742.16,INR,2026-08-19T17:43:25.319Z,gw-3MVDXHQ-TXN-3MVDXHQ-000253
TXN-3MVDXHQ-000254,42398.64,INR,2026-08-19T17:43:25.435Z,gw-3MVDXHQ-TXN-3MVDXHQ-000254
TXN-3MVDXHQ-000255,19093.88,INR,2026-08-19T17:43:25.579Z,gw-3MVDXHQ-TXN-3MVDXHQ-000255
TXN-3MVDXHQ-000256,47775.66,INR,2026-08-19T17:43:25.665Z,gw-3MVDXHQ-TXN-3MVDXHQ-000256
TXN-3MVDXHQ-000257,26785.97,INR,2026-08-19T17:43:25.718Z,gw-3MVDXHQ-TXN-3MVDXHQ-000257
TXN-3MVDXHQ-000258,34849.23,INR,2026-08-19T17:43:25.843Z,gw-3MVDXHQ-TXN-3MVDXHQ-000258
TXN-3MVDXHQ-000259,45519.15,INR,2026-08-19T17:43:25.917Z,gw-3MVDXHQ-TXN-3MVDXHQ-000259
TXN-3MVDXHQ-000260,41836.08,INR,2026-08-19T17:43:26.027Z,gw-3MVDXHQ-TXN-3MVDXHQ-000260
TXN-3MVDXHQ-000260,41836.08,INR,2026-08-19T17:43:26.027Z,gw-3MVDXHQ-TXN-3MVDXHQ-000260
TXN-3MVDXHQ-000261,35619.87,INR,2026-08-19T17:43:26.140Z,gw-3MVDXHQ-TXN-3MVDXHQ-000261
TXN-3MVDXHQ-000262,49528.00,INR,2026-08-19T17:43:26.237Z,gw-3MVDXHQ-TXN-3MVDXHQ-000262
TXN-3MVDXHQ-000263,31914.13,INR,2026-08-19T17:43:26.346Z,gw-3MVDXHQ-TXN-3MVDXHQ-000263
TXN-3MVDXHQ-000264,20886.00,INR,2026-08-19T17:43:26.435Z,gw-3MVDXHQ-TXN-3MVDXHQ-000264
TXN-3MVDXHQ-000265,671.53,INR,2026-08-19T17:43:26.556Z,gw-3MVDXHQ-TXN-3MVDXHQ-000265
TXN-3MVDXHQ-000266,7484.77,INR,2026-08-19T17:43:26.642Z,gw-3MVDXHQ-TXN-3MVDXHQ-000266
TXN-3MVDXHQ-000267,44109.43,INR,2026-08-19T17:43:26.738Z,gw-3MVDXHQ-TXN-3MVDXHQ-000267
TXN-3MVDXHQ-000268,32333.80,INR,2026-08-19T17:43:26.816Z,gw-3MVDXHQ-TXN-3MVDXHQ-000268
TXN-3MVDXHQ-000269,21013.10,INR,2026-08-19T17:43:26.950Z,gw-3MVDXHQ-TXN-3MVDXHQ-000269
TXN-3MVDXHQ-000270,48992.51,INR,2026-08-19T17:43:27.082Z,gw-3MVDXHQ-TXN-3MVDXHQ-000270
TXN-3MVDXHQ-000271,40943.02,INR,2026-08-19T17:43:27.117Z,gw-3MVDXHQ-TXN-3MVDXHQ-000271
TXN-3MVDXHQ-000272,23345.92,INR,2026-08-19T17:43:27.261Z,gw-3MVDXHQ-TXN-3MVDXHQ-000272
TXN-3MVDXHQ-000273,39434.16,INR,2026-08-19T17:43:27.344Z,gw-3MVDXHQ-TXN-3MVDXHQ-000273
TXN-3MVDXHQ-000274,33944.32,INR,2026-08-19T17:43:27.400Z,gw-3MVDXHQ-TXN-3MVDXHQ-000274
TXN-3MVDXHQ-000275,47880.59,INR,2026-08-19T17:43:27.590Z,gw-3MVDXHQ-TXN-3MVDXHQ-000275
TXN-3MVDXHQ-000276,48250.63,INR,2026-08-19T17:43:27.638Z,gw-3MVDXHQ-TXN-3MVDXHQ-000276
TXN-3MVDXHQ-000277,19311.88,INR,2026-08-19T17:43:27.762Z,gw-3MVDXHQ-TXN-3MVDXHQ-000277
TXN-3MVDXHQ-000278,15480.58,INR,2026-08-19T17:43:27.862Z,gw-3MVDXHQ-TXN-3MVDXHQ-000278
TXN-3MVDXHQ-000279,25677.45,INR,2026-08-19T17:43:27.977Z,gw-3MVDXHQ-TXN-3MVDXHQ-000279
TXN-3MVDXHQ-000280,10322.88,INR,2026-08-19T17:43:28.091Z,gw-3MVDXHQ-TXN-3MVDXHQ-000280
TXN-3MVDXHQ-000281,28563.54,INR,2026-08-19T17:43:28.133Z,gw-3MVDXHQ-TXN-3MVDXHQ-000281
TXN-3MVDXHQ-000282,6349.54,INR,2026-08-19T17:43:28.282Z,gw-3MVDXHQ-TXN-3MVDXHQ-000282
TXN-3MVDXHQ-000283,15934.18,INR,2026-08-19T17:43:28.364Z,gw-3MVDXHQ-TXN-3MVDXHQ-000283
TXN-3MVDXHQ-000284,23563.60,INR,2026-08-19T17:43:28.461Z,gw-3MVDXHQ-TXN-3MVDXHQ-000284
TXN-3MVDXHQ-000285,24495.22,INR,2026-08-19T17:43:28.553Z,gw-3MVDXHQ-TXN-3MVDXHQ-000285
TXN-3MVDXHQ-000286,46195.48,INR,2026-08-19T17:43:28.645Z,gw-3MVDXHQ-TXN-3MVDXHQ-000286
TXN-3MVDXHQ-000287,22748.55,INR,2026-08-19T17:43:28.744Z,gw-3MVDXHQ-TXN-3MVDXHQ-000287
TXN-3MVDXHQ-000288,96.99,INR,2026-08-19T17:43:28.819Z,gw-3MVDXHQ-TXN-3MVDXHQ-000288
TXN-3MVDXHQ-000289,28716.60,INR,2026-08-19T17:43:28.980Z,gw-3MVDXHQ-TXN-3MVDXHQ-000289
TXN-3MVDXHQ-000290,4699.26,INR,2026-08-19T17:43:29.042Z,gw-3MVDXHQ-TXN-3MVDXHQ-000290
TXN-3MVDXHQ-000291,38787.70,INR,2026-08-19T17:43:29.123Z,gw-3MVDXHQ-TXN-3MVDXHQ-000291
TXN-3MVDXHQ-000292,18660.47,INR,2026-08-19T17:43:29.251Z,gw-3MVDXHQ-TXN-3MVDXHQ-000292
TXN-3MVDXHQ-000293,20298.77,INR,2026-08-19T17:43:29.360Z,gw-3MVDXHQ-TXN-3MVDXHQ-000293
TXN-3MVDXHQ-000294,10180.97,INR,2026-08-19T17:43:29.499Z,gw-3MVDXHQ-TXN-3MVDXHQ-000294
TXN-3MVDXHQ-000295,26059.91,INR,2026-08-19T17:43:29.531Z,gw-3MVDXHQ-TXN-3MVDXHQ-000295
TXN-3MVDXHQ-000296,5917.25,INR,2026-08-19T17:43:29.639Z,gw-3MVDXHQ-TXN-3MVDXHQ-000296
TXN-3MVDXHQ-000297,4256.87,INR,2026-08-19T17:43:29.757Z,gw-3MVDXHQ-TXN-3MVDXHQ-000297
TXN-3MVDXHQ-000298,11676.53,INR,2026-08-19T17:43:29.845Z,gw-3MVDXHQ-TXN-3MVDXHQ-000298
TXN-3MVDXHQ-000298,11676.53,INR,2026-08-19T17:43:29.845Z,gw-3MVDXHQ-TXN-3MVDXHQ-000298
TXN-3MVDXHQ-000299,26475.91,INR,2026-08-19T17:43:29.936Z,gw-3MVDXHQ-TXN-3MVDXHQ-000299
TXN-3MVDXHQ-000300,45815.26,INR,2026-08-19T17:43:30.092Z,gw-3MVDXHQ-TXN-3MVDXHQ-000300
TXN-3MVDXHQ-000301,22160.50,INR,2026-08-19T17:43:30.151Z,gw-3MVDXHQ-TXN-3MVDXHQ-000301
TXN-3MVDXHQ-000302,11779.15,INR,2026-08-19T17:43:30.297Z,gw-3MVDXHQ-TXN-3MVDXHQ-000302
TXN-3MVDXHQ-000303,9440.80,INR,2026-08-19T17:43:30.340Z,gw-3MVDXHQ-TXN-3MVDXHQ-000303
TXN-3MVDXHQ-000304,26752.19,INR,2026-08-19T17:43:30.456Z,gw-3MVDXHQ-TXN-3MVDXHQ-000304
TXN-3MVDXHQ-000305,4219.78,INR,2026-08-19T17:43:30.583Z,gw-3MVDXHQ-TXN-3MVDXHQ-000305
TXN-3MVDXHQ-000306,7485.57,INR,2026-08-19T17:43:30.690Z,gw-3MVDXHQ-TXN-3MVDXHQ-000306
TXN-3MVDXHQ-000306,7485.57,INR,2026-08-19T17:43:30.690Z,gw-3MVDXHQ-TXN-3MVDXHQ-000306
TXN-3MVDXHQ-000307,1704.77,INR,2026-08-19T17:43:30.705Z,gw-3MVDXHQ-TXN-3MVDXHQ-000307
TXN-3MVDXHQ-000308,1745.19,INR,2026-08-19T17:43:30.824Z,gw-3MVDXHQ-TXN-3MVDXHQ-000308
TXN-3MVDXHQ-000309,28932.41,INR,2026-08-19T17:43:30.975Z,gw-3MVDXHQ-TXN-3MVDXHQ-000309
TXN-3MVDXHQ-000310,122.96,INR,2026-08-19T17:43:31.049Z,gw-3MVDXHQ-TXN-3MVDXHQ-000310
TXN-3MVDXHQ-000311,10151.18,INR,2026-08-19T17:43:31.115Z,gw-3MVDXHQ-TXN-3MVDXHQ-000311
TXN-3MVDXHQ-000312,36101.55,INR,2026-08-19T17:43:31.299Z,gw-3MVDXHQ-TXN-3MVDXHQ-000312
TXN-3MVDXHQ-000312,36101.55,INR,2026-08-19T17:43:31.299Z,gw-3MVDXHQ-TXN-3MVDXHQ-000312
TXN-3MVDXHQ-000313,34972.30,INR,2026-08-19T17:43:31.311Z,gw-3MVDXHQ-TXN-3MVDXHQ-000313
TXN-3MVDXHQ-000314,17429.62,INR,2026-08-19T17:43:31.479Z,gw-3MVDXHQ-TXN-3MVDXHQ-000314
TXN-3MVDXHQ-000315,23120.66,INR,2026-08-19T17:43:31.550Z,gw-3MVDXHQ-TXN-3MVDXHQ-000315
TXN-3MVDXHQ-000316,11601.13,INR,2026-08-19T17:43:31.609Z,gw-3MVDXHQ-TXN-3MVDXHQ-000316
TXN-3MVDXHQ-000317,22341.09,INR,2026-08-19T17:43:31.769Z,gw-3MVDXHQ-TXN-3MVDXHQ-000317
TXN-3MVDXHQ-000318,31476.44,INR,2026-08-19T17:43:31.863Z,gw-3MVDXHQ-TXN-3MVDXHQ-000318
TXN-3MVDXHQ-000319,22353.06,INR,2026-08-19T17:43:31.933Z,gw-3MVDXHQ-TXN-3MVDXHQ-000319
TXN-3MVDXHQ-000320,42426.75,INR,2026-08-19T17:43:32.094Z,gw-3MVDXHQ-TXN-3MVDXHQ-000320
TXN-3MVDXHQ-000321,7938.49,INR,2026-08-19T17:43:32.103Z,gw-3MVDXHQ-TXN-3MVDXHQ-000321
TXN-3MVDXHQ-000322,31846.40,INR,2026-08-19T17:43:32.249Z,gw-3MVDXHQ-TXN-3MVDXHQ-000322
TXN-3MVDXHQ-000323,6819.49,INR,2026-08-19T17:43:32.340Z,gw-3MVDXHQ-TXN-3MVDXHQ-000323
TXN-3MVDXHQ-000324,26667.16,INR,2026-08-19T17:43:32.475Z,gw-3MVDXHQ-TXN-3MVDXHQ-000324
TXN-3MVDXHQ-000325,9095.98,INR,2026-08-19T17:43:32.529Z,gw-3MVDXHQ-TXN-3MVDXHQ-000325
TXN-3MVDXHQ-000326,47197.89,INR,2026-08-19T17:43:32.656Z,gw-3MVDXHQ-TXN-3MVDXHQ-000326
TXN-3MVDXHQ-000327,46486.14,INR,2026-08-19T17:43:32.718Z,gw-3MVDXHQ-TXN-3MVDXHQ-000327
TXN-3MVDXHQ-000328,26165.15,INR,2026-08-19T17:43:32.845Z,gw-3MVDXHQ-TXN-3MVDXHQ-000328
TXN-3MVDXHQ-000329,6955.32,INR,2026-08-19T17:43:32.997Z,gw-3MVDXHQ-TXN-3MVDXHQ-000329
TXN-3MVDXHQ-000330,39094.17,INR,2026-08-19T17:43:33.034Z,gw-3MVDXHQ-TXN-3MVDXHQ-000330
TXN-3MVDXHQ-000331,12462.45,INR,2026-08-19T17:43:33.138Z,gw-3MVDXHQ-TXN-3MVDXHQ-000331
TXN-3MVDXHQ-000332,36572.04,INR,2026-08-19T17:43:33.228Z,gw-3MVDXHQ-TXN-3MVDXHQ-000332
TXN-3MVDXHQ-000333,13027.46,INR,2026-08-19T17:43:33.358Z,gw-3MVDXHQ-TXN-3MVDXHQ-000333
TXN-3MVDXHQ-000334,5547.25,INR,2026-08-19T17:43:33.442Z,gw-3MVDXHQ-TXN-3MVDXHQ-000334
TXN-3MVDXHQ-000335,36658.95,INR,2026-08-19T17:43:33.567Z,gw-3MVDXHQ-TXN-3MVDXHQ-000335
TXN-3MVDXHQ-000336,43132.49,INR,2026-08-19T17:43:33.639Z,gw-3MVDXHQ-TXN-3MVDXHQ-000336
TXN-3MVDXHQ-000337,49692.12,INR,2026-08-19T17:43:33.712Z,gw-3MVDXHQ-TXN-3MVDXHQ-000337
TXN-3MVDXHQ-000338,22431.75,INR,2026-08-19T17:43:33.851Z,gw-3MVDXHQ-TXN-3MVDXHQ-000338
TXN-3MVDXHQ-000339,30442.42,INR,2026-08-19T17:43:33.977Z,gw-3MVDXHQ-TXN-3MVDXHQ-000339
TXN-3MVDXHQ-000340,28599.39,INR,2026-08-19T17:43:34.063Z,gw-3MVDXHQ-TXN-3MVDXHQ-000340
TXN-3MVDXHQ-000341,25124.70,INR,2026-08-19T17:43:34.183Z,gw-3MVDXHQ-TXN-3MVDXHQ-000341
TXN-3MVDXHQ-000342,49106.38,INR,2026-08-19T17:43:34.257Z,gw-3MVDXHQ-TXN-3MVDXHQ-000342
TXN-3MVDXHQ-000343,36552.16,INR,2026-08-19T17:43:34.352Z,gw-3MVDXHQ-TXN-3MVDXHQ-000343
TXN-3MVDXHQ-000344,44839.77,INR,2026-08-19T17:43:34.455Z,gw-3MVDXHQ-TXN-3MVDXHQ-000344
TXN-3MVDXHQ-000345,2788.80,INR,2026-08-19T17:43:34.549Z,gw-3MVDXHQ-TXN-3MVDXHQ-000345
TXN-3MVDXHQ-000346,34362.63,INR,2026-08-19T17:43:34.696Z,gw-3MVDXHQ-TXN-3MVDXHQ-000346
TXN-3MVDXHQ-000347,10834.03,INR,2026-08-19T17:43:34.775Z,gw-3MVDXHQ-TXN-3MVDXHQ-000347
TXN-3MVDXHQ-000348,38383.76,INR,2026-08-19T17:43:34.816Z,gw-3MVDXHQ-TXN-3MVDXHQ-000348
TXN-3MVDXHQ-000349,44999.73,INR,2026-08-19T17:43:34.996Z,gw-3MVDXHQ-TXN-3MVDXHQ-000349
TXN-3MVDXHQ-000350,49174.09,INR,2026-08-19T17:43:35.085Z,gw-3MVDXHQ-TXN-3MVDXHQ-000350
TXN-3MVDXHQ-000351,23614.13,INR,2026-08-19T17:43:35.181Z,gw-3MVDXHQ-TXN-3MVDXHQ-000351
TXN-3MVDXHQ-000352,32954.75,INR,2026-08-19T17:43:35.225Z,gw-3MVDXHQ-TXN-3MVDXHQ-000352
TXN-3MVDXHQ-000353,32900.17,INR,2026-08-19T17:43:35.370Z,gw-3MVDXHQ-TXN-3MVDXHQ-000353
TXN-3MVDXHQ-000354,16377.50,INR,2026-08-19T17:43:35.492Z,gw-3MVDXHQ-TXN-3MVDXHQ-000354
TXN-3MVDXHQ-000355,33788.33,INR,2026-08-19T17:43:35.542Z,gw-3MVDXHQ-TXN-3MVDXHQ-000355
TXN-3MVDXHQ-000356,40411.58,INR,2026-08-19T17:43:35.623Z,gw-3MVDXHQ-TXN-3MVDXHQ-000356
TXN-3MVDXHQ-000357,37286.00,INR,2026-08-19T17:43:35.740Z,gw-3MVDXHQ-TXN-3MVDXHQ-000357
TXN-3MVDXHQ-000357,37286.00,INR,2026-08-19T17:43:35.740Z,gw-3MVDXHQ-TXN-3MVDXHQ-000357
TXN-3MVDXHQ-000358,24559.30,INR,2026-08-19T17:43:35.876Z,gw-3MVDXHQ-TXN-3MVDXHQ-000358
TXN-3MVDXHQ-000359,43511.49,INR,2026-08-19T17:43:35.957Z,gw-3MVDXHQ-TXN-3MVDXHQ-000359
TXN-3MVDXHQ-000360,15598.52,INR,2026-08-19T17:43:36.044Z,gw-3MVDXHQ-TXN-3MVDXHQ-000360
TXN-3MVDXHQ-000361,1797.87,INR,2026-08-19T17:43:36.189Z,gw-3MVDXHQ-TXN-3MVDXHQ-000361
TXN-3MVDXHQ-000362,41871.05,INR,2026-08-19T17:43:36.265Z,gw-3MVDXHQ-TXN-3MVDXHQ-000362
TXN-3MVDXHQ-000363,39692.60,INR,2026-08-19T17:43:36.331Z,gw-3MVDXHQ-TXN-3MVDXHQ-000363
TXN-3MVDXHQ-000364,22098.44,INR,2026-08-19T17:43:36.472Z,gw-3MVDXHQ-TXN-3MVDXHQ-000364
TXN-3MVDXHQ-000365,21007.25,INR,2026-08-19T17:43:36.518Z,gw-3MVDXHQ-TXN-3MVDXHQ-000365
TXN-3MVDXHQ-000366,20676.16,INR,2026-08-19T17:43:36.672Z,gw-3MVDXHQ-TXN-3MVDXHQ-000366
TXN-3MVDXHQ-000367,38315.59,INR,2026-08-19T17:43:36.739Z,gw-3MVDXHQ-TXN-3MVDXHQ-000367
TXN-3MVDXHQ-000368,36466.72,INR,2026-08-19T17:43:36.859Z,gw-3MVDXHQ-TXN-3MVDXHQ-000368
TXN-3MVDXHQ-000369,14674.00,INR,2026-08-19T17:43:36.950Z,gw-3MVDXHQ-TXN-3MVDXHQ-000369
TXN-3MVDXHQ-000370,40895.84,INR,2026-08-19T17:43:37.056Z,gw-3MVDXHQ-TXN-3MVDXHQ-000370
TXN-3MVDXHQ-000371,35806.26,INR,2026-08-19T17:43:37.143Z,gw-3MVDXHQ-TXN-3MVDXHQ-000371
TXN-3MVDXHQ-000372,27487.92,INR,2026-08-19T17:43:37.218Z,gw-3MVDXHQ-TXN-3MVDXHQ-000372
TXN-3MVDXHQ-000373,31292.50,INR,2026-08-19T17:43:37.306Z,gw-3MVDXHQ-TXN-3MVDXHQ-000373
TXN-3MVDXHQ-000374,49212.00,INR,2026-08-19T17:43:37.470Z,gw-3MVDXHQ-TXN-3MVDXHQ-000374
TXN-3MVDXHQ-000375,6717.49,INR,2026-08-19T17:43:37.592Z,gw-3MVDXHQ-TXN-3MVDXHQ-000375
TXN-3MVDXHQ-000376,17806.51,INR,2026-08-19T17:43:37.684Z,gw-3MVDXHQ-TXN-3MVDXHQ-000376
TXN-3MVDXHQ-000377,9315.47,INR,2026-08-19T17:43:37.781Z,gw-3MVDXHQ-TXN-3MVDXHQ-000377
TXN-3MVDXHQ-000378,15677.37,INR,2026-08-19T17:43:37.832Z,gw-3MVDXHQ-TXN-3MVDXHQ-000378
TXN-3MVDXHQ-000379,47107.16,INR,2026-08-19T17:43:37.973Z,gw-3MVDXHQ-TXN-3MVDXHQ-000379
TXN-3MVDXHQ-000380,23383.71,INR,2026-08-19T17:43:38.085Z,gw-3MVDXHQ-TXN-3MVDXHQ-000380
TXN-3MVDXHQ-000381,20266.81,INR,2026-08-19T17:43:38.198Z,gw-3MVDXHQ-TXN-3MVDXHQ-000381
TXN-3MVDXHQ-000382,13736.55,INR,2026-08-19T17:43:38.203Z,gw-3MVDXHQ-TXN-3MVDXHQ-000382
TXN-3MVDXHQ-000383,3751.63,INR,2026-08-19T17:43:38.330Z,gw-3MVDXHQ-TXN-3MVDXHQ-000383
TXN-3MVDXHQ-000384,9903.25,INR,2026-08-19T17:43:38.466Z,gw-3MVDXHQ-TXN-3MVDXHQ-000384
TXN-3MVDXHQ-000385,37508.50,INR,2026-08-19T17:43:38.575Z,gw-3MVDXHQ-TXN-3MVDXHQ-000385
TXN-3MVDXHQ-000386,38731.49,INR,2026-08-19T17:43:38.626Z,gw-3MVDXHQ-TXN-3MVDXHQ-000386
TXN-3MVDXHQ-000387,18675.92,INR,2026-08-19T17:43:38.777Z,gw-3MVDXHQ-TXN-3MVDXHQ-000387
TXN-3MVDXHQ-000388,33394.43,INR,2026-08-19T17:43:38.826Z,gw-3MVDXHQ-TXN-3MVDXHQ-000388
TXN-3MVDXHQ-000389,21656.87,INR,2026-08-19T17:43:38.969Z,gw-3MVDXHQ-TXN-3MVDXHQ-000389
TXN-3MVDXHQ-000390,12748.71,INR,2026-08-19T17:43:39.065Z,gw-3MVDXHQ-TXN-3MVDXHQ-000390
TXN-3MVDXHQ-000391,2794.73,INR,2026-08-19T17:43:39.167Z,gw-3MVDXHQ-TXN-3MVDXHQ-000391
TXN-3MVDXHQ-000392,6190.48,INR,2026-08-19T17:43:39.279Z,gw-3MVDXHQ-TXN-3MVDXHQ-000392
TXN-3MVDXHQ-000393,38877.30,INR,2026-08-19T17:43:39.312Z,gw-3MVDXHQ-TXN-3MVDXHQ-000393
TXN-3MVDXHQ-000394,5198.11,INR,2026-08-19T17:43:39.479Z,gw-3MVDXHQ-TXN-3MVDXHQ-000394
TXN-3MVDXHQ-000395,35577.91,INR,2026-08-19T17:43:39.571Z,gw-3MVDXHQ-TXN-3MVDXHQ-000395
TXN-3MVDXHQ-000396,23380.53,INR,2026-08-19T17:43:39.648Z,gw-3MVDXHQ-TXN-3MVDXHQ-000396
TXN-3MVDXHQ-000397,22952.55,INR,2026-08-19T17:43:39.702Z,gw-3MVDXHQ-TXN-3MVDXHQ-000397
TXN-3MVDXHQ-000398,44920.69,INR,2026-08-19T17:43:39.886Z,gw-3MVDXHQ-TXN-3MVDXHQ-000398
TXN-3MVDXHQ-000399,4558.95,INR,2026-08-19T17:43:39.914Z,gw-3MVDXHQ-TXN-3MVDXHQ-000399
TXN-3MVDXHQ-000400,37055.03,INR,2026-08-19T17:43:40.007Z,gw-3MVDXHQ-TXN-3MVDXHQ-000400
TXN-3MVDXHQ-000401,46477.34,INR,2026-08-19T17:43:40.130Z,gw-3MVDXHQ-TXN-3MVDXHQ-000401
TXN-3MVDXHQ-000402,34045.20,INR,2026-08-19T17:43:40.278Z,gw-3MVDXHQ-TXN-3MVDXHQ-000402
TXN-3MVDXHQ-000403,14538.59,INR,2026-08-19T17:43:40.378Z,gw-3MVDXHQ-TXN-3MVDXHQ-000403
TXN-3MVDXHQ-000404,988.58,INR,2026-08-19T17:43:40.496Z,gw-3MVDXHQ-TXN-3MVDXHQ-000404
TXN-3MVDXHQ-000405,22754.51,INR,2026-08-19T17:43:40.561Z,gw-3MVDXHQ-TXN-3MVDXHQ-000405
TXN-3MVDXHQ-000406,28301.14,INR,2026-08-19T17:43:40.631Z,gw-3MVDXHQ-TXN-3MVDXHQ-000406
TXN-3MVDXHQ-000407,16585.92,INR,2026-08-19T17:43:40.755Z,gw-3MVDXHQ-TXN-3MVDXHQ-000407
TXN-3MVDXHQ-000408,32783.97,INR,2026-08-19T17:43:40.812Z,gw-3MVDXHQ-TXN-3MVDXHQ-000408
TXN-3MVDXHQ-000409,22654.37,INR,2026-08-19T17:43:41.000Z,gw-3MVDXHQ-TXN-3MVDXHQ-000409
TXN-3MVDXHQ-000410,48503.02,INR,2026-08-19T17:43:41.091Z,gw-3MVDXHQ-TXN-3MVDXHQ-000410
TXN-3MVDXHQ-000411,8629.83,INR,2026-08-19T17:43:41.136Z,gw-3MVDXHQ-TXN-3MVDXHQ-000411
TXN-3MVDXHQ-000412,13247.25,INR,2026-08-19T17:43:41.294Z,gw-3MVDXHQ-TXN-3MVDXHQ-000412
TXN-3MVDXHQ-000413,2055.44,INR,2026-08-19T17:43:41.349Z,gw-3MVDXHQ-TXN-3MVDXHQ-000413
TXN-3MVDXHQ-000414,2946.78,INR,2026-08-19T17:43:41.449Z,gw-3MVDXHQ-TXN-3MVDXHQ-000414
TXN-3MVDXHQ-000415,34446.32,INR,2026-08-19T17:43:41.583Z,gw-3MVDXHQ-TXN-3MVDXHQ-000415
TXN-3MVDXHQ-000416,19937.81,INR,2026-08-19T17:43:41.700Z,gw-3MVDXHQ-TXN-3MVDXHQ-000416
TXN-3MVDXHQ-000417,22074.15,INR,2026-08-19T17:43:41.728Z,gw-3MVDXHQ-TXN-3MVDXHQ-000417
TXN-3MVDXHQ-000418,20454.29,INR,2026-08-19T17:43:41.878Z,gw-3MVDXHQ-TXN-3MVDXHQ-000418
TXN-3MVDXHQ-000419,47704.04,INR,2026-08-19T17:43:41.922Z,gw-3MVDXHQ-TXN-3MVDXHQ-000419
TXN-3MVDXHQ-000420,23488.20,INR,2026-08-19T17:43:42.006Z,gw-3MVDXHQ-TXN-3MVDXHQ-000420
TXN-3MVDXHQ-000421,5682.54,INR,2026-08-19T17:43:42.199Z,gw-3MVDXHQ-TXN-3MVDXHQ-000421
TXN-3MVDXHQ-000421,5682.54,INR,2026-08-19T17:43:42.199Z,gw-3MVDXHQ-TXN-3MVDXHQ-000421
TXN-3MVDXHQ-000422,47216.69,INR,2026-08-19T17:43:42.271Z,gw-3MVDXHQ-TXN-3MVDXHQ-000422
TXN-3MVDXHQ-000423,29281.31,INR,2026-08-19T17:43:42.381Z,gw-3MVDXHQ-TXN-3MVDXHQ-000423
TXN-3MVDXHQ-000424,15953.68,INR,2026-08-19T17:43:42.468Z,gw-3MVDXHQ-TXN-3MVDXHQ-000424
TXN-3MVDXHQ-000425,3036.61,INR,2026-08-19T17:43:42.503Z,gw-3MVDXHQ-TXN-3MVDXHQ-000425
TXN-3MVDXHQ-000426,37600.75,INR,2026-08-19T17:43:42.637Z,gw-3MVDXHQ-TXN-3MVDXHQ-000426
TXN-3MVDXHQ-000427,49846.33,INR,2026-08-19T17:43:42.775Z,gw-3MVDXHQ-TXN-3MVDXHQ-000427
TXN-3MVDXHQ-000428,40008.06,INR,2026-08-19T17:43:42.816Z,gw-3MVDXHQ-TXN-3MVDXHQ-000428
TXN-3MVDXHQ-000429,36358.29,INR,2026-08-19T17:43:42.970Z,gw-3MVDXHQ-TXN-3MVDXHQ-000429
TXN-3MVDXHQ-000430,20072.88,INR,2026-08-19T17:43:43.093Z,gw-3MVDXHQ-TXN-3MVDXHQ-000430
TXN-3MVDXHQ-000431,87.73,INR,2026-08-19T17:43:43.148Z,gw-3MVDXHQ-TXN-3MVDXHQ-000431
TXN-3MVDXHQ-000432,48613.64,INR,2026-08-19T17:43:43.278Z,gw-3MVDXHQ-TXN-3MVDXHQ-000432
TXN-3MVDXHQ-000433,31128.18,INR,2026-08-19T17:43:43.393Z,gw-3MVDXHQ-TXN-3MVDXHQ-000433
TXN-3MVDXHQ-000434,38700.78,INR,2026-08-19T17:43:43.448Z,gw-3MVDXHQ-TXN-3MVDXHQ-000434
TXN-3MVDXHQ-000435,44332.37,INR,2026-08-19T17:43:43.555Z,gw-3MVDXHQ-TXN-3MVDXHQ-000435
TXN-3MVDXHQ-000436,17514.91,INR,2026-08-19T17:43:43.699Z,gw-3MVDXHQ-TXN-3MVDXHQ-000436
TXN-3MVDXHQ-000437,37659.72,INR,2026-08-19T17:43:43.730Z,gw-3MVDXHQ-TXN-3MVDXHQ-000437
TXN-3MVDXHQ-000438,1186.88,INR,2026-08-19T17:43:43.842Z,gw-3MVDXHQ-TXN-3MVDXHQ-000438
TXN-3MVDXHQ-000439,18549.85,INR,2026-08-19T17:43:43.954Z,gw-3MVDXHQ-TXN-3MVDXHQ-000439
TXN-3MVDXHQ-000440,17627.78,INR,2026-08-19T17:43:44.061Z,gw-3MVDXHQ-TXN-3MVDXHQ-000440
TXN-3MVDXHQ-000441,38317.04,INR,2026-08-19T17:43:44.138Z,gw-3MVDXHQ-TXN-3MVDXHQ-000441
TXN-3MVDXHQ-000442,13480.34,INR,2026-08-19T17:43:44.209Z,gw-3MVDXHQ-TXN-3MVDXHQ-000442
TXN-3MVDXHQ-000443,7896.89,INR,2026-08-19T17:43:44.348Z,gw-3MVDXHQ-TXN-3MVDXHQ-000443
TXN-3MVDXHQ-000444,31741.79,INR,2026-08-19T17:43:44.428Z,gw-3MVDXHQ-TXN-3MVDXHQ-000444
TXN-3MVDXHQ-000445,13447.22,INR,2026-08-19T17:43:44.581Z,gw-3MVDXHQ-TXN-3MVDXHQ-000445
TXN-3MVDXHQ-000446,41974.00,INR,2026-08-19T17:43:44.620Z,gw-3MVDXHQ-TXN-3MVDXHQ-000446
TXN-3MVDXHQ-000447,20049.03,INR,2026-08-19T17:43:44.772Z,gw-3MVDXHQ-TXN-3MVDXHQ-000447
TXN-3MVDXHQ-000448,27758.72,INR,2026-08-19T17:43:44.834Z,gw-3MVDXHQ-TXN-3MVDXHQ-000448
TXN-3MVDXHQ-000449,1613.10,INR,2026-08-19T17:43:44.980Z,gw-3MVDXHQ-TXN-3MVDXHQ-000449
TXN-3MVDXHQ-000450,48261.96,INR,2026-08-19T17:43:45.041Z,gw-3MVDXHQ-TXN-3MVDXHQ-000450
TXN-3MVDXHQ-000451,45981.66,INR,2026-08-19T17:43:45.177Z,gw-3MVDXHQ-TXN-3MVDXHQ-000451
TXN-3MVDXHQ-000452,20083.80,INR,2026-08-19T17:43:45.278Z,gw-3MVDXHQ-TXN-3MVDXHQ-000452
TXN-3MVDXHQ-000453,41064.19,INR,2026-08-19T17:43:45.325Z,gw-3MVDXHQ-TXN-3MVDXHQ-000453
TXN-3MVDXHQ-000454,48529.71,INR,2026-08-19T17:43:45.422Z,gw-3MVDXHQ-TXN-3MVDXHQ-000454
TXN-3MVDXHQ-000455,27377.21,INR,2026-08-19T17:43:45.506Z,gw-3MVDXHQ-TXN-3MVDXHQ-000455
TXN-3MVDXHQ-000456,38870.22,INR,2026-08-19T17:43:45.676Z,gw-3MVDXHQ-TXN-3MVDXHQ-000456
TXN-3MVDXHQ-000457,42223.01,INR,2026-08-19T17:43:45.773Z,gw-3MVDXHQ-TXN-3MVDXHQ-000457
TXN-3MVDXHQ-000458,49506.48,INR,2026-08-19T17:43:45.851Z,gw-3MVDXHQ-TXN-3MVDXHQ-000458
TXN-3MVDXHQ-000459,36345.65,INR,2026-08-19T17:43:45.925Z,gw-3MVDXHQ-TXN-3MVDXHQ-000459
TXN-3MVDXHQ-000460,5597.99,INR,2026-08-19T17:43:46.007Z,gw-3MVDXHQ-TXN-3MVDXHQ-000460
TXN-3MVDXHQ-000461,40152.10,INR,2026-08-19T17:43:46.157Z,gw-3MVDXHQ-TXN-3MVDXHQ-000461
TXN-3MVDXHQ-000462,10979.37,INR,2026-08-19T17:43:46.273Z,gw-3MVDXHQ-TXN-3MVDXHQ-000462
TXN-3MVDXHQ-000463,14423.80,INR,2026-08-19T17:43:46.300Z,gw-3MVDXHQ-TXN-3MVDXHQ-000463
TXN-3MVDXHQ-000464,31369.79,INR,2026-08-19T17:43:46.484Z,gw-3MVDXHQ-TXN-3MVDXHQ-000464
TXN-3MVDXHQ-000465,7811.32,INR,2026-08-19T17:43:46.562Z,gw-3MVDXHQ-TXN-3MVDXHQ-000465
TXN-3MVDXHQ-000466,15212.78,INR,2026-08-19T17:43:46.667Z,gw-3MVDXHQ-TXN-3MVDXHQ-000466
TXN-3MVDXHQ-000467,21989.73,INR,2026-08-19T17:43:46.794Z,gw-3MVDXHQ-TXN-3MVDXHQ-000467
TXN-3MVDXHQ-000468,37638.93,INR,2026-08-19T17:43:46.857Z,gw-3MVDXHQ-TXN-3MVDXHQ-000468
TXN-3MVDXHQ-000469,939.71,INR,2026-08-19T17:43:46.945Z,gw-3MVDXHQ-TXN-3MVDXHQ-000469
TXN-3MVDXHQ-000470,3186.04,INR,2026-08-19T17:43:47.058Z,gw-3MVDXHQ-TXN-3MVDXHQ-000470
TXN-3MVDXHQ-000471,22262.47,INR,2026-08-19T17:43:47.171Z,gw-3MVDXHQ-TXN-3MVDXHQ-000471
TXN-3MVDXHQ-000472,45152.83,INR,2026-08-19T17:43:47.216Z,gw-3MVDXHQ-TXN-3MVDXHQ-000472
TXN-3MVDXHQ-000473,49118.08,INR,2026-08-19T17:43:47.359Z,gw-3MVDXHQ-TXN-3MVDXHQ-000473
TXN-3MVDXHQ-000474,47729.54,INR,2026-08-19T17:43:47.442Z,gw-3MVDXHQ-TXN-3MVDXHQ-000474
TXN-3MVDXHQ-000475,28936.71,INR,2026-08-19T17:43:47.510Z,gw-3MVDXHQ-TXN-3MVDXHQ-000475
TXN-3MVDXHQ-000476,3078.95,INR,2026-08-19T17:43:47.661Z,gw-3MVDXHQ-TXN-3MVDXHQ-000476
TXN-3MVDXHQ-000476,3078.95,INR,2026-08-19T17:43:47.661Z,gw-3MVDXHQ-TXN-3MVDXHQ-000476
TXN-3MVDXHQ-000477,5314.03,INR,2026-08-19T17:43:47.733Z,gw-3MVDXHQ-TXN-3MVDXHQ-000477
TXN-3MVDXHQ-000478,3242.83,INR,2026-08-19T17:43:47.874Z,gw-3MVDXHQ-TXN-3MVDXHQ-000478
TXN-3MVDXHQ-000479,28914.58,INR,2026-08-19T17:43:47.949Z,gw-3MVDXHQ-TXN-3MVDXHQ-000479
TXN-3MVDXHQ-000480,29799.52,INR,2026-08-19T17:43:48.059Z,gw-3MVDXHQ-TXN-3MVDXHQ-000480
TXN-3MVDXHQ-000481,10043.32,INR,2026-08-19T17:43:48.179Z,gw-3MVDXHQ-TXN-3MVDXHQ-000481
TXN-3MVDXHQ-000482,36465.33,INR,2026-08-19T17:43:48.203Z,gw-3MVDXHQ-TXN-3MVDXHQ-000482
TXN-3MVDXHQ-000483,48888.88,INR,2026-08-19T17:43:48.333Z,gw-3MVDXHQ-TXN-3MVDXHQ-000483
TXN-3MVDXHQ-000484,28240.09,INR,2026-08-19T17:43:48.458Z,gw-3MVDXHQ-TXN-3MVDXHQ-000484
TXN-3MVDXHQ-000485,41575.27,INR,2026-08-19T17:43:48.581Z,gw-3MVDXHQ-TXN-3MVDXHQ-000485
TXN-3MVDXHQ-000486,9171.07,INR,2026-08-19T17:43:48.604Z,gw-3MVDXHQ-TXN-3MVDXHQ-000486
TXN-3MVDXHQ-000487,28089.66,INR,2026-08-19T17:43:48.799Z,gw-3MVDXHQ-TXN-3MVDXHQ-000487
TXN-3MVDXHQ-000488,24117.23,INR,2026-08-19T17:43:48.827Z,gw-3MVDXHQ-TXN-3MVDXHQ-000488
TXN-3MVDXHQ-000489,49959.46,INR,2026-08-19T17:43:48.966Z,gw-3MVDXHQ-TXN-3MVDXHQ-000489
TXN-3MVDXHQ-000490,27276.53,INR,2026-08-19T17:43:49.097Z,gw-3MVDXHQ-TXN-3MVDXHQ-000490
TXN-3MVDXHQ-000491,31498.27,INR,2026-08-19T17:43:49.103Z,gw-3MVDXHQ-TXN-3MVDXHQ-000491
TXN-3MVDXHQ-000492,25725.67,INR,2026-08-19T17:43:49.269Z,gw-3MVDXHQ-TXN-3MVDXHQ-000492
TXN-3MVDXHQ-000493,7605.04,INR,2026-08-19T17:43:49.359Z,gw-3MVDXHQ-TXN-3MVDXHQ-000493
TXN-3MVDXHQ-000494,20181.98,INR,2026-08-19T17:43:49.452Z,gw-3MVDXHQ-TXN-3MVDXHQ-000494
TXN-3MVDXHQ-000495,28478.88,INR,2026-08-19T17:43:49.547Z,gw-3MVDXHQ-TXN-3MVDXHQ-000495
TXN-3MVDXHQ-000496,2963.72,INR,2026-08-19T17:43:49.664Z,gw-3MVDXHQ-TXN-3MVDXHQ-000496
TXN-3MVDXHQ-000497,40644.30,INR,2026-08-19T17:43:49.765Z,gw-3MVDXHQ-TXN-3MVDXHQ-000497
TXN-3MVDXHQ-000498,45327.86,INR,2026-08-19T17:43:49.896Z,gw-3MVDXHQ-TXN-3MVDXHQ-000498
TXN-3MVDXHQ-000499,10604.94,INR,2026-08-19T17:43:49.917Z,gw-3MVDXHQ-TXN-3MVDXHQ-000499
TXN-3MVDXHQ-000500,29664.36,INR,2026-08-19T17:43:50.032Z,gw-3MVDXHQ-TXN-3MVDXHQ-000500
TXN-3MVDXHQ-000501,14853.41,INR,2026-08-19T17:43:50.144Z,gw-3MVDXHQ-TXN-3MVDXHQ-000501
TXN-3MVDXHQ-000502,41036.78,INR,2026-08-19T17:43:50.239Z,gw-3MVDXHQ-TXN-3MVDXHQ-000502
TXN-3MVDXHQ-000503,27673.29,INR,2026-08-19T17:43:50.344Z,gw-3MVDXHQ-TXN-3MVDXHQ-000503
TXN-3MVDXHQ-000504,7539.58,INR,2026-08-19T17:43:50.419Z,gw-3MVDXHQ-TXN-3MVDXHQ-000504
TXN-3MVDXHQ-000505,5421.35,INR,2026-08-19T17:43:50.585Z,gw-3MVDXHQ-TXN-3MVDXHQ-000505
TXN-3MVDXHQ-000506,5538.92,INR,2026-08-19T17:43:50.685Z,gw-3MVDXHQ-TXN-3MVDXHQ-000506
TXN-3MVDXHQ-000507,45198.99,INR,2026-08-19T17:43:50.752Z,gw-3MVDXHQ-TXN-3MVDXHQ-000507
TXN-3MVDXHQ-000508,5822.21,INR,2026-08-19T17:43:50.812Z,gw-3MVDXHQ-TXN-3MVDXHQ-000508
TXN-3MVDXHQ-000509,29733.39,INR,2026-08-19T17:43:50.994Z,gw-3MVDXHQ-TXN-3MVDXHQ-000509
TXN-3MVDXHQ-000510,42329.92,INR,2026-08-19T17:43:51.097Z,gw-3MVDXHQ-TXN-3MVDXHQ-000510
TXN-3MVDXHQ-000511,33962.25,INR,2026-08-19T17:43:51.150Z,gw-3MVDXHQ-TXN-3MVDXHQ-000511
TXN-3MVDXHQ-000512,21564.33,INR,2026-08-19T17:43:51.255Z,gw-3MVDXHQ-TXN-3MVDXHQ-000512
TXN-3MVDXHQ-000513,11162.91,INR,2026-08-19T17:43:51.325Z,gw-3MVDXHQ-TXN-3MVDXHQ-000513
TXN-3MVDXHQ-000514,2188.55,INR,2026-08-19T17:43:51.471Z,gw-3MVDXHQ-TXN-3MVDXHQ-000514
TXN-3MVDXHQ-000515,32227.40,INR,2026-08-19T17:43:51.596Z,gw-3MVDXHQ-TXN-3MVDXHQ-000515
TXN-3MVDXHQ-000516,4253.15,INR,2026-08-19T17:43:51.607Z,gw-3MVDXHQ-TXN-3MVDXHQ-000516
TXN-3MVDXHQ-000517,24534.41,INR,2026-08-19T17:43:51.703Z,gw-3MVDXHQ-TXN-3MVDXHQ-000517
TXN-3MVDXHQ-000518,3921.61,INR,2026-08-19T17:43:51.857Z,gw-3MVDXHQ-TXN-3MVDXHQ-000518
TXN-3MVDXHQ-000519,4978.23,INR,2026-08-19T17:43:51.962Z,gw-3MVDXHQ-TXN-3MVDXHQ-000519
TXN-3MVDXHQ-000520,19305.39,INR,2026-08-19T17:43:52.086Z,gw-3MVDXHQ-TXN-3MVDXHQ-000520
TXN-3MVDXHQ-000521,29979.04,INR,2026-08-19T17:43:52.109Z,gw-3MVDXHQ-TXN-3MVDXHQ-000521
TXN-3MVDXHQ-000522,24939.92,INR,2026-08-19T17:43:52.267Z,gw-3MVDXHQ-TXN-3MVDXHQ-000522
TXN-3MVDXHQ-000523,30407.24,INR,2026-08-19T17:43:52.345Z,gw-3MVDXHQ-TXN-3MVDXHQ-000523
TXN-3MVDXHQ-000524,42145.02,INR,2026-08-19T17:43:52.453Z,gw-3MVDXHQ-TXN-3MVDXHQ-000524
TXN-3MVDXHQ-000525,37468.30,INR,2026-08-19T17:43:52.558Z,gw-3MVDXHQ-TXN-3MVDXHQ-000525
TXN-3MVDXHQ-000526,31463.23,INR,2026-08-19T17:43:52.626Z,gw-3MVDXHQ-TXN-3MVDXHQ-000526
TXN-3MVDXHQ-000527,47780.40,INR,2026-08-19T17:43:52.730Z,gw-3MVDXHQ-TXN-3MVDXHQ-000527
TXN-3MVDXHQ-000528,44173.02,INR,2026-08-19T17:43:52.818Z,gw-3MVDXHQ-TXN-3MVDXHQ-000528
TXN-3MVDXHQ-000529,8638.52,INR,2026-08-19T17:43:52.980Z,gw-3MVDXHQ-TXN-3MVDXHQ-000529
TXN-3MVDXHQ-000530,5043.80,INR,2026-08-19T17:43:53.083Z,gw-3MVDXHQ-TXN-3MVDXHQ-000530
TXN-3MVDXHQ-000531,24191.03,INR,2026-08-19T17:43:53.198Z,gw-3MVDXHQ-TXN-3MVDXHQ-000531
TXN-3MVDXHQ-000532,9200.29,INR,2026-08-19T17:43:53.264Z,gw-3MVDXHQ-TXN-3MVDXHQ-000532
TXN-3MVDXHQ-000533,34922.98,INR,2026-08-19T17:43:53.382Z,gw-3MVDXHQ-TXN-3MVDXHQ-000533
TXN-3MVDXHQ-000534,24751.14,INR,2026-08-19T17:43:53.407Z,gw-3MVDXHQ-TXN-3MVDXHQ-000534
TXN-3MVDXHQ-000535,36016.29,INR,2026-08-19T17:43:53.578Z,gw-3MVDXHQ-TXN-3MVDXHQ-000535
TXN-3MVDXHQ-000536,42915.84,INR,2026-08-19T17:43:53.682Z,gw-3MVDXHQ-TXN-3MVDXHQ-000536
TXN-3MVDXHQ-000537,34129.87,INR,2026-08-19T17:43:53.726Z,gw-3MVDXHQ-TXN-3MVDXHQ-000537
TXN-3MVDXHQ-000538,18798.68,INR,2026-08-19T17:43:53.900Z,gw-3MVDXHQ-TXN-3MVDXHQ-000538
TXN-3MVDXHQ-000539,32930.48,INR,2026-08-19T17:43:53.934Z,gw-3MVDXHQ-TXN-3MVDXHQ-000539
TXN-3MVDXHQ-000540,29861.85,INR,2026-08-19T17:43:54.031Z,gw-3MVDXHQ-TXN-3MVDXHQ-000540
TXN-3MVDXHQ-000541,23281.28,INR,2026-08-19T17:43:54.182Z,gw-3MVDXHQ-TXN-3MVDXHQ-000541
TXN-3MVDXHQ-000542,10348.04,INR,2026-08-19T17:43:54.285Z,gw-3MVDXHQ-TXN-3MVDXHQ-000542
TXN-3MVDXHQ-000543,17059.27,INR,2026-08-19T17:43:54.364Z,gw-3MVDXHQ-TXN-3MVDXHQ-000543
TXN-3MVDXHQ-000544,32218.16,INR,2026-08-19T17:43:54.492Z,gw-3MVDXHQ-TXN-3MVDXHQ-000544
TXN-3MVDXHQ-000545,47446.13,INR,2026-08-19T17:43:54.522Z,gw-3MVDXHQ-TXN-3MVDXHQ-000545
TXN-3MVDXHQ-000546,13983.69,INR,2026-08-19T17:43:54.643Z,gw-3MVDXHQ-TXN-3MVDXHQ-000546
TXN-3MVDXHQ-000547,39477.92,INR,2026-08-19T17:43:54.782Z,gw-3MVDXHQ-TXN-3MVDXHQ-000547
TXN-3MVDXHQ-000548,19225.35,INR,2026-08-19T17:43:54.833Z,gw-3MVDXHQ-TXN-3MVDXHQ-000548
TXN-3MVDXHQ-000549,19112.04,INR,2026-08-19T17:43:54.978Z,gw-3MVDXHQ-TXN-3MVDXHQ-000549
TXN-3MVDXHQ-000550,28642.85,INR,2026-08-19T17:43:55.056Z,gw-3MVDXHQ-TXN-3MVDXHQ-000550
TXN-3MVDXHQ-000551,33758.79,INR,2026-08-19T17:43:55.167Z,gw-3MVDXHQ-TXN-3MVDXHQ-000551
TXN-3MVDXHQ-000552,45919.28,INR,2026-08-19T17:43:55.287Z,gw-3MVDXHQ-TXN-3MVDXHQ-000552
TXN-3MVDXHQ-000553,24865.24,INR,2026-08-19T17:43:55.365Z,gw-3MVDXHQ-TXN-3MVDXHQ-000553
TXN-3MVDXHQ-000554,44254.15,INR,2026-08-19T17:43:55.434Z,gw-3MVDXHQ-TXN-3MVDXHQ-000554
TXN-3MVDXHQ-000555,23235.31,INR,2026-08-19T17:43:55.531Z,gw-3MVDXHQ-TXN-3MVDXHQ-000555
TXN-3MVDXHQ-000556,14958.89,INR,2026-08-19T17:43:55.686Z,gw-3MVDXHQ-TXN-3MVDXHQ-000556
TXN-3MVDXHQ-000557,17478.61,INR,2026-08-19T17:43:55.738Z,gw-3MVDXHQ-TXN-3MVDXHQ-000557
TXN-3MVDXHQ-000558,9185.25,INR,2026-08-19T17:43:55.870Z,gw-3MVDXHQ-TXN-3MVDXHQ-000558
TXN-3MVDXHQ-000559,5392.00,INR,2026-08-19T17:43:55.953Z,gw-3MVDXHQ-TXN-3MVDXHQ-000559
TXN-3MVDXHQ-000560,46013.93,INR,2026-08-19T17:43:56.087Z,gw-3MVDXHQ-TXN-3MVDXHQ-000560
TXN-3MVDXHQ-000561,17558.84,INR,2026-08-19T17:43:56.118Z,gw-3MVDXHQ-TXN-3MVDXHQ-000561
TXN-3MVDXHQ-000562,15140.82,INR,2026-08-19T17:43:56.286Z,gw-3MVDXHQ-TXN-3MVDXHQ-000562
TXN-3MVDXHQ-000563,3772.45,INR,2026-08-19T17:43:56.397Z,gw-3MVDXHQ-TXN-3MVDXHQ-000563
TXN-3MVDXHQ-000564,1056.03,INR,2026-08-19T17:43:56.493Z,gw-3MVDXHQ-TXN-3MVDXHQ-000564
TXN-3MVDXHQ-000565,27970.85,INR,2026-08-19T17:43:56.552Z,gw-3MVDXHQ-TXN-3MVDXHQ-000565
TXN-3MVDXHQ-000566,49803.22,INR,2026-08-19T17:43:56.677Z,gw-3MVDXHQ-TXN-3MVDXHQ-000566
TXN-3MVDXHQ-000567,2617.42,INR,2026-08-19T17:43:56.714Z,gw-3MVDXHQ-TXN-3MVDXHQ-000567
TXN-3MVDXHQ-000568,13688.87,INR,2026-08-19T17:43:56.852Z,gw-3MVDXHQ-TXN-3MVDXHQ-000568
TXN-3MVDXHQ-000569,10196.93,INR,2026-08-19T17:43:56.939Z,gw-3MVDXHQ-TXN-3MVDXHQ-000569
TXN-3MVDXHQ-000570,39942.16,INR,2026-08-19T17:43:57.064Z,gw-3MVDXHQ-TXN-3MVDXHQ-000570
TXN-3MVDXHQ-000571,30827.39,INR,2026-08-19T17:43:57.188Z,gw-3MVDXHQ-TXN-3MVDXHQ-000571
TXN-3MVDXHQ-000572,32839.45,INR,2026-08-19T17:43:57.274Z,gw-3MVDXHQ-TXN-3MVDXHQ-000572
TXN-3MVDXHQ-000573,40443.83,INR,2026-08-19T17:43:57.400Z,gw-3MVDXHQ-TXN-3MVDXHQ-000573
TXN-3MVDXHQ-000574,19955.70,INR,2026-08-19T17:43:57.436Z,gw-3MVDXHQ-TXN-3MVDXHQ-000574
TXN-3MVDXHQ-000575,23349.41,INR,2026-08-19T17:43:57.525Z,gw-3MVDXHQ-TXN-3MVDXHQ-000575
TXN-3MVDXHQ-000576,30656.78,INR,2026-08-19T17:43:57.693Z,gw-3MVDXHQ-TXN-3MVDXHQ-000576
TXN-3MVDXHQ-000577,29356.04,INR,2026-08-19T17:43:57.713Z,gw-3MVDXHQ-TXN-3MVDXHQ-000577
TXN-3MVDXHQ-000578,44991.26,INR,2026-08-19T17:43:57.871Z,gw-3MVDXHQ-TXN-3MVDXHQ-000578
TXN-3MVDXHQ-000579,6371.79,INR,2026-08-19T17:43:57.952Z,gw-3MVDXHQ-TXN-3MVDXHQ-000579
TXN-3MVDXHQ-000580,42051.19,INR,2026-08-19T17:43:58.071Z,gw-3MVDXHQ-TXN-3MVDXHQ-000580
TXN-3MVDXHQ-000581,879.65,INR,2026-08-19T17:43:58.153Z,gw-3MVDXHQ-TXN-3MVDXHQ-000581
TXN-3MVDXHQ-000582,38586.36,INR,2026-08-19T17:43:58.208Z,gw-3MVDXHQ-TXN-3MVDXHQ-000582
TXN-3MVDXHQ-000583,40711.05,INR,2026-08-19T17:43:58.397Z,gw-3MVDXHQ-TXN-3MVDXHQ-000583
TXN-3MVDXHQ-000584,1798.62,INR,2026-08-19T17:43:58.499Z,gw-3MVDXHQ-TXN-3MVDXHQ-000584
TXN-3MVDXHQ-000585,1887.85,INR,2026-08-19T17:43:58.557Z,gw-3MVDXHQ-TXN-3MVDXHQ-000585
TXN-3MVDXHQ-000586,1963.31,INR,2026-08-19T17:43:58.657Z,gw-3MVDXHQ-TXN-3MVDXHQ-000586
TXN-3MVDXHQ-000587,18035.81,INR,2026-08-19T17:43:58.740Z,gw-3MVDXHQ-TXN-3MVDXHQ-000587
TXN-3MVDXHQ-000588,44943.32,INR,2026-08-19T17:43:58.826Z,gw-3MVDXHQ-TXN-3MVDXHQ-000588
TXN-3MVDXHQ-000589,7340.06,INR,2026-08-19T17:43:58.944Z,gw-3MVDXHQ-TXN-3MVDXHQ-000589
TXN-3MVDXHQ-000590,16177.10,INR,2026-08-19T17:43:59.063Z,gw-3MVDXHQ-TXN-3MVDXHQ-000590
TXN-3MVDXHQ-000591,48367.71,INR,2026-08-19T17:43:59.137Z,gw-3MVDXHQ-TXN-3MVDXHQ-000591
TXN-3MVDXHQ-000592,31601.62,INR,2026-08-19T17:43:59.268Z,gw-3MVDXHQ-TXN-3MVDXHQ-000592
TXN-3MVDXHQ-000593,26424.73,INR,2026-08-19T17:43:59.379Z,gw-3MVDXHQ-TXN-3MVDXHQ-000593
TXN-3MVDXHQ-000594,42466.21,INR,2026-08-19T17:43:59.489Z,gw-3MVDXHQ-TXN-3MVDXHQ-000594
TXN-3MVDXHQ-000595,26629.55,INR,2026-08-19T17:43:59.578Z,gw-3MVDXHQ-TXN-3MVDXHQ-000595
TXN-3MVDXHQ-000596,21442.27,INR,2026-08-19T17:43:59.655Z,gw-3MVDXHQ-TXN-3MVDXHQ-000596
TXN-3MVDXHQ-000597,6008.56,INR,2026-08-19T17:43:59.734Z,gw-3MVDXHQ-TXN-3MVDXHQ-000597
TXN-3MVDXHQ-000598,49540.72,INR,2026-08-19T17:43:59.805Z,gw-3MVDXHQ-TXN-3MVDXHQ-000598
TXN-3MVDXHQ-000599,41063.98,INR,2026-08-19T17:43:59.987Z,gw-3MVDXHQ-TXN-3MVDXHQ-000599
TXN-3MVDXHQ-000600,8460.83,INR,2026-08-19T17:44:00.094Z,gw-3MVDXHQ-TXN-3MVDXHQ-000600
TXN-3MVDXHQ-000601,21782.58,INR,2026-08-19T17:44:00.181Z,gw-3MVDXHQ-TXN-3MVDXHQ-000601
TXN-3MVDXHQ-000602,15822.02,INR,2026-08-19T17:44:00.289Z,gw-3MVDXHQ-TXN-3MVDXHQ-000602
TXN-3MVDXHQ-000603,23253.14,INR,2026-08-19T17:44:00.327Z,gw-3MVDXHQ-TXN-3MVDXHQ-000603
TXN-3MVDXHQ-000604,38522.34,INR,2026-08-19T17:44:00.465Z,gw-3MVDXHQ-TXN-3MVDXHQ-000604
TXN-3MVDXHQ-000604,38522.34,INR,2026-08-19T17:44:00.465Z,gw-3MVDXHQ-TXN-3MVDXHQ-000604
TXN-3MVDXHQ-000605,26430.48,INR,2026-08-19T17:44:00.508Z,gw-3MVDXHQ-TXN-3MVDXHQ-000605
TXN-3MVDXHQ-000606,32998.42,INR,2026-08-19T17:44:00.684Z,gw-3MVDXHQ-TXN-3MVDXHQ-000606
TXN-3MVDXHQ-000607,11010.68,INR,2026-08-19T17:44:00.739Z,gw-3MVDXHQ-TXN-3MVDXHQ-000607
TXN-3MVDXHQ-000608,30945.51,INR,2026-08-19T17:44:00.861Z,gw-3MVDXHQ-TXN-3MVDXHQ-000608
TXN-3MVDXHQ-000609,26077.22,INR,2026-08-19T17:44:00.929Z,gw-3MVDXHQ-TXN-3MVDXHQ-000609
TXN-3MVDXHQ-000610,31054.57,INR,2026-08-19T17:44:01.057Z,gw-3MVDXHQ-TXN-3MVDXHQ-000610
TXN-3MVDXHQ-000611,25000.53,INR,2026-08-19T17:44:01.176Z,gw-3MVDXHQ-TXN-3MVDXHQ-000611
TXN-3MVDXHQ-000612,2848.25,INR,2026-08-19T17:44:01.210Z,gw-3MVDXHQ-TXN-3MVDXHQ-000612
TXN-3MVDXHQ-000613,46226.43,INR,2026-08-19T17:44:01.306Z,gw-3MVDXHQ-TXN-3MVDXHQ-000613
TXN-3MVDXHQ-000614,11176.73,INR,2026-08-19T17:44:01.426Z,gw-3MVDXHQ-TXN-3MVDXHQ-000614
TXN-3MVDXHQ-000615,42599.73,INR,2026-08-19T17:44:01.582Z,gw-3MVDXHQ-TXN-3MVDXHQ-000615
TXN-3MVDXHQ-000616,46002.30,INR,2026-08-19T17:44:01.654Z,gw-3MVDXHQ-TXN-3MVDXHQ-000616
TXN-3MVDXHQ-000617,32548.43,INR,2026-08-19T17:44:01.731Z,gw-3MVDXHQ-TXN-3MVDXHQ-000617
TXN-3MVDXHQ-000618,38612.18,INR,2026-08-19T17:44:01.859Z,gw-3MVDXHQ-TXN-3MVDXHQ-000618
TXN-3MVDXHQ-000619,8251.12,INR,2026-08-19T17:44:01.932Z,gw-3MVDXHQ-TXN-3MVDXHQ-000619
TXN-3MVDXHQ-000620,769.38,INR,2026-08-19T17:44:02.039Z,gw-3MVDXHQ-TXN-3MVDXHQ-000620
TXN-3MVDXHQ-000621,43476.66,INR,2026-08-19T17:44:02.155Z,gw-3MVDXHQ-TXN-3MVDXHQ-000621
TXN-3MVDXHQ-000622,49199.29,INR,2026-08-19T17:44:02.235Z,gw-3MVDXHQ-TXN-3MVDXHQ-000622
TXN-3MVDXHQ-000623,23469.94,INR,2026-08-19T17:44:02.345Z,gw-3MVDXHQ-TXN-3MVDXHQ-000623
TXN-3MVDXHQ-000624,39166.69,INR,2026-08-19T17:44:02.408Z,gw-3MVDXHQ-TXN-3MVDXHQ-000624
TXN-3MVDXHQ-000625,4707.48,INR,2026-08-19T17:44:02.520Z,gw-3MVDXHQ-TXN-3MVDXHQ-000625
TXN-3MVDXHQ-000626,19321.78,INR,2026-08-19T17:44:02.666Z,gw-3MVDXHQ-TXN-3MVDXHQ-000626
TXN-3MVDXHQ-000627,26119.97,INR,2026-08-19T17:44:02.799Z,gw-3MVDXHQ-TXN-3MVDXHQ-000627
TXN-3MVDXHQ-000628,18188.30,INR,2026-08-19T17:44:02.830Z,gw-3MVDXHQ-TXN-3MVDXHQ-000628
TXN-3MVDXHQ-000629,16642.64,INR,2026-08-19T17:44:02.980Z,gw-3MVDXHQ-TXN-3MVDXHQ-000629
TXN-3MVDXHQ-000630,38905.31,INR,2026-08-19T17:44:03.060Z,gw-3MVDXHQ-TXN-3MVDXHQ-000630
TXN-3MVDXHQ-000631,25137.28,INR,2026-08-19T17:44:03.172Z,gw-3MVDXHQ-TXN-3MVDXHQ-000631
TXN-3MVDXHQ-000632,47095.03,INR,2026-08-19T17:44:03.223Z,gw-3MVDXHQ-TXN-3MVDXHQ-000632
TXN-3MVDXHQ-000633,42337.08,INR,2026-08-19T17:44:03.318Z,gw-3MVDXHQ-TXN-3MVDXHQ-000633
TXN-3MVDXHQ-000634,3271.84,INR,2026-08-19T17:44:03.411Z,gw-3MVDXHQ-TXN-3MVDXHQ-000634
TXN-3MVDXHQ-000635,38074.05,INR,2026-08-19T17:44:03.530Z,gw-3MVDXHQ-TXN-3MVDXHQ-000635
TXN-3MVDXHQ-000636,38010.64,INR,2026-08-19T17:44:03.602Z,gw-3MVDXHQ-TXN-3MVDXHQ-000636
TXN-3MVDXHQ-000637,256.70,INR,2026-08-19T17:44:03.776Z,gw-3MVDXHQ-TXN-3MVDXHQ-000637
TXN-3MVDXHQ-000638,32703.03,INR,2026-08-19T17:44:03.833Z,gw-3MVDXHQ-TXN-3MVDXHQ-000638
TXN-3MVDXHQ-000639,49844.86,INR,2026-08-19T17:44:03.905Z,gw-3MVDXHQ-TXN-3MVDXHQ-000639
TXN-3MVDXHQ-000640,18009.99,INR,2026-08-19T17:44:04.017Z,gw-3MVDXHQ-TXN-3MVDXHQ-000640
TXN-3MVDXHQ-000641,7831.66,INR,2026-08-19T17:44:04.164Z,gw-3MVDXHQ-TXN-3MVDXHQ-000641
TXN-3MVDXHQ-000642,29085.97,INR,2026-08-19T17:44:04.267Z,gw-3MVDXHQ-TXN-3MVDXHQ-000642
TXN-3MVDXHQ-000643,6843.33,INR,2026-08-19T17:44:04.319Z,gw-3MVDXHQ-TXN-3MVDXHQ-000643
TXN-3MVDXHQ-000644,40914.13,INR,2026-08-19T17:44:04.468Z,gw-3MVDXHQ-TXN-3MVDXHQ-000644
TXN-3MVDXHQ-000645,45768.80,INR,2026-08-19T17:44:04.508Z,gw-3MVDXHQ-TXN-3MVDXHQ-000645
TXN-3MVDXHQ-000646,45027.01,INR,2026-08-19T17:44:04.609Z,gw-3MVDXHQ-TXN-3MVDXHQ-000646
TXN-3MVDXHQ-000647,30797.95,INR,2026-08-19T17:44:04.720Z,gw-3MVDXHQ-TXN-3MVDXHQ-000647
TXN-3MVDXHQ-000648,279.54,INR,2026-08-19T17:44:04.848Z,gw-3MVDXHQ-TXN-3MVDXHQ-000648
TXN-3MVDXHQ-000649,19398.20,INR,2026-08-19T17:44:04.912Z,gw-3MVDXHQ-TXN-3MVDXHQ-000649
TXN-3MVDXHQ-000650,4453.16,INR,2026-08-19T17:44:05.062Z,gw-3MVDXHQ-TXN-3MVDXHQ-000650
TXN-3MVDXHQ-000651,48099.11,INR,2026-08-19T17:44:05.121Z,gw-3MVDXHQ-TXN-3MVDXHQ-000651
TXN-3MVDXHQ-000652,10181.09,INR,2026-08-19T17:44:05.238Z,gw-3MVDXHQ-TXN-3MVDXHQ-000652
TXN-3MVDXHQ-000653,45431.38,INR,2026-08-19T17:44:05.362Z,gw-3MVDXHQ-TXN-3MVDXHQ-000653
TXN-3MVDXHQ-000654,38594.46,INR,2026-08-19T17:44:05.444Z,gw-3MVDXHQ-TXN-3MVDXHQ-000654
TXN-3MVDXHQ-000655,32957.83,INR,2026-08-19T17:44:05.544Z,gw-3MVDXHQ-TXN-3MVDXHQ-000655
TXN-3MVDXHQ-000656,30259.95,INR,2026-08-19T17:44:05.678Z,gw-3MVDXHQ-TXN-3MVDXHQ-000656
TXN-3MVDXHQ-000657,3349.82,INR,2026-08-19T17:44:05.750Z,gw-3MVDXHQ-TXN-3MVDXHQ-000657
TXN-3MVDXHQ-000658,21759.84,INR,2026-08-19T17:44:05.820Z,gw-3MVDXHQ-TXN-3MVDXHQ-000658
TXN-3MVDXHQ-000659,41209.54,INR,2026-08-19T17:44:05.914Z,gw-3MVDXHQ-TXN-3MVDXHQ-000659
TXN-3MVDXHQ-000660,48801.62,INR,2026-08-19T17:44:06.037Z,gw-3MVDXHQ-TXN-3MVDXHQ-000660
TXN-3MVDXHQ-000661,5298.23,INR,2026-08-19T17:44:06.125Z,gw-3MVDXHQ-TXN-3MVDXHQ-000661
TXN-3MVDXHQ-000662,13976.31,INR,2026-08-19T17:44:06.279Z,gw-3MVDXHQ-TXN-3MVDXHQ-000662
TXN-3MVDXHQ-000663,28670.65,INR,2026-08-19T17:44:06.333Z,gw-3MVDXHQ-TXN-3MVDXHQ-000663
TXN-3MVDXHQ-000664,39242.37,INR,2026-08-19T17:44:06.417Z,gw-3MVDXHQ-TXN-3MVDXHQ-000664
TXN-3MVDXHQ-000665,38659.80,INR,2026-08-19T17:44:06.553Z,gw-3MVDXHQ-TXN-3MVDXHQ-000665
TXN-3MVDXHQ-000666,46739.67,INR,2026-08-19T17:44:06.604Z,gw-3MVDXHQ-TXN-3MVDXHQ-000666
TXN-3MVDXHQ-000667,29245.51,INR,2026-08-19T17:44:06.712Z,gw-3MVDXHQ-TXN-3MVDXHQ-000667
TXN-3MVDXHQ-000668,16384.07,INR,2026-08-19T17:44:06.843Z,gw-3MVDXHQ-TXN-3MVDXHQ-000668
TXN-3MVDXHQ-000669,13495.38,INR,2026-08-19T17:44:06.986Z,gw-3MVDXHQ-TXN-3MVDXHQ-000669
TXN-3MVDXHQ-000670,40438.84,INR,2026-08-19T17:44:07.049Z,gw-3MVDXHQ-TXN-3MVDXHQ-000670
TXN-3MVDXHQ-000671,19250.69,INR,2026-08-19T17:44:07.143Z,gw-3MVDXHQ-TXN-3MVDXHQ-000671
TXN-3MVDXHQ-000672,27486.51,INR,2026-08-19T17:44:07.283Z,gw-3MVDXHQ-TXN-3MVDXHQ-000672
TXN-3MVDXHQ-000673,47679.98,INR,2026-08-19T17:44:07.322Z,gw-3MVDXHQ-TXN-3MVDXHQ-000673
TXN-3MVDXHQ-000674,34972.86,INR,2026-08-19T17:44:07.495Z,gw-3MVDXHQ-TXN-3MVDXHQ-000674
TXN-3MVDXHQ-000675,22635.43,INR,2026-08-19T17:44:07.527Z,gw-3MVDXHQ-TXN-3MVDXHQ-000675
TXN-3MVDXHQ-000676,27227.84,INR,2026-08-19T17:44:07.616Z,gw-3MVDXHQ-TXN-3MVDXHQ-000676
TXN-3MVDXHQ-000677,1987.06,INR,2026-08-19T17:44:07.709Z,gw-3MVDXHQ-TXN-3MVDXHQ-000677
TXN-3MVDXHQ-000678,7625.09,INR,2026-08-19T17:44:07.899Z,gw-3MVDXHQ-TXN-3MVDXHQ-000678
TXN-3MVDXHQ-000679,24714.04,INR,2026-08-19T17:44:07.954Z,gw-3MVDXHQ-TXN-3MVDXHQ-000679
TXN-3MVDXHQ-000680,46525.96,INR,2026-08-19T17:44:08.021Z,gw-3MVDXHQ-TXN-3MVDXHQ-000680
TXN-3MVDXHQ-000681,41232.90,INR,2026-08-19T17:44:08.141Z,gw-3MVDXHQ-TXN-3MVDXHQ-000681
TXN-3MVDXHQ-000682,1381.15,INR,2026-08-19T17:44:08.277Z,gw-3MVDXHQ-TXN-3MVDXHQ-000682
TXN-3MVDXHQ-000683,6632.51,INR,2026-08-19T17:44:08.317Z,gw-3MVDXHQ-TXN-3MVDXHQ-000683
TXN-3MVDXHQ-000684,9042.54,INR,2026-08-19T17:44:08.446Z,gw-3MVDXHQ-TXN-3MVDXHQ-000684
TXN-3MVDXHQ-000685,43348.53,INR,2026-08-19T17:44:08.508Z,gw-3MVDXHQ-TXN-3MVDXHQ-000685
TXN-3MVDXHQ-000686,28549.93,INR,2026-08-19T17:44:08.692Z,gw-3MVDXHQ-TXN-3MVDXHQ-000686
TXN-3MVDXHQ-000687,47537.39,INR,2026-08-19T17:44:08.702Z,gw-3MVDXHQ-TXN-3MVDXHQ-000687
TXN-3MVDXHQ-000688,4305.93,INR,2026-08-19T17:44:08.883Z,gw-3MVDXHQ-TXN-3MVDXHQ-000688
TXN-3MVDXHQ-000689,18877.41,INR,2026-08-19T17:44:08.989Z,gw-3MVDXHQ-TXN-3MVDXHQ-000689
TXN-3MVDXHQ-000690,46442.39,INR,2026-08-19T17:44:09.025Z,gw-3MVDXHQ-TXN-3MVDXHQ-000690
TXN-3MVDXHQ-000691,27826.14,INR,2026-08-19T17:44:09.175Z,gw-3MVDXHQ-TXN-3MVDXHQ-000691
TXN-3MVDXHQ-000692,9810.59,INR,2026-08-19T17:44:09.296Z,gw-3MVDXHQ-TXN-3MVDXHQ-000692
TXN-3MVDXHQ-000693,40549.40,INR,2026-08-19T17:44:09.362Z,gw-3MVDXHQ-TXN-3MVDXHQ-000693
TXN-3MVDXHQ-000694,24251.20,INR,2026-08-19T17:44:09.414Z,gw-3MVDXHQ-TXN-3MVDXHQ-000694
TXN-3MVDXHQ-000695,11981.27,INR,2026-08-19T17:44:09.570Z,gw-3MVDXHQ-TXN-3MVDXHQ-000695
TXN-3MVDXHQ-000696,34211.62,INR,2026-08-19T17:44:09.690Z,gw-3MVDXHQ-TXN-3MVDXHQ-000696
TXN-3MVDXHQ-000697,13887.30,INR,2026-08-19T17:44:09.758Z,gw-3MVDXHQ-TXN-3MVDXHQ-000697
TXN-3MVDXHQ-000698,28162.98,INR,2026-08-19T17:44:09.896Z,gw-3MVDXHQ-TXN-3MVDXHQ-000698
TXN-3MVDXHQ-000699,49455.21,INR,2026-08-19T17:44:09.992Z,gw-3MVDXHQ-TXN-3MVDXHQ-000699
TXN-3MVDXHQ-000700,3407.50,INR,2026-08-19T17:44:10.041Z,gw-3MVDXHQ-TXN-3MVDXHQ-000700
TXN-3MVDXHQ-000701,3055.55,INR,2026-08-19T17:44:10.159Z,gw-3MVDXHQ-TXN-3MVDXHQ-000701
TXN-3MVDXHQ-000702,48908.28,INR,2026-08-19T17:44:10.216Z,gw-3MVDXHQ-TXN-3MVDXHQ-000702
TXN-3MVDXHQ-000703,2874.20,INR,2026-08-19T17:44:10.313Z,gw-3MVDXHQ-TXN-3MVDXHQ-000703
TXN-3MVDXHQ-000704,7207.52,INR,2026-08-19T17:44:10.427Z,gw-3MVDXHQ-TXN-3MVDXHQ-000704
TXN-3MVDXHQ-000705,21431.72,INR,2026-08-19T17:44:10.537Z,gw-3MVDXHQ-TXN-3MVDXHQ-000705
TXN-3MVDXHQ-000706,12781.26,INR,2026-08-19T17:44:10.700Z,gw-3MVDXHQ-TXN-3MVDXHQ-000706
TXN-3MVDXHQ-000707,24657.34,INR,2026-08-19T17:44:10.748Z,gw-3MVDXHQ-TXN-3MVDXHQ-000707
TXN-3MVDXHQ-000708,20312.26,INR,2026-08-19T17:44:10.863Z,gw-3MVDXHQ-TXN-3MVDXHQ-000708
TXN-3MVDXHQ-000709,17841.59,INR,2026-08-19T17:44:10.944Z,gw-3MVDXHQ-TXN-3MVDXHQ-000709
TXN-3MVDXHQ-000710,48435.18,INR,2026-08-19T17:44:11.028Z,gw-3MVDXHQ-TXN-3MVDXHQ-000710
TXN-3MVDXHQ-000711,2431.55,INR,2026-08-19T17:44:11.190Z,gw-3MVDXHQ-TXN-3MVDXHQ-000711
TXN-3MVDXHQ-000712,2257.38,INR,2026-08-19T17:44:11.267Z,gw-3MVDXHQ-TXN-3MVDXHQ-000712
TXN-3MVDXHQ-000713,31431.49,INR,2026-08-19T17:44:11.327Z,gw-3MVDXHQ-TXN-3MVDXHQ-000713
TXN-3MVDXHQ-000714,2471.23,INR,2026-08-19T17:44:11.446Z,gw-3MVDXHQ-TXN-3MVDXHQ-000714
TXN-3MVDXHQ-000715,22444.60,INR,2026-08-19T17:44:11.534Z,gw-3MVDXHQ-TXN-3MVDXHQ-000715
TXN-3MVDXHQ-000716,45497.85,INR,2026-08-19T17:44:11.663Z,gw-3MVDXHQ-TXN-3MVDXHQ-000716
TXN-3MVDXHQ-000717,49229.78,INR,2026-08-19T17:44:11.797Z,gw-3MVDXHQ-TXN-3MVDXHQ-000717
TXN-3MVDXHQ-000718,37730.77,INR,2026-08-19T17:44:11.866Z,gw-3MVDXHQ-TXN-3MVDXHQ-000718
TXN-3MVDXHQ-000719,14201.72,INR,2026-08-19T17:44:11.988Z,gw-3MVDXHQ-TXN-3MVDXHQ-000719
TXN-3MVDXHQ-000720,26816.88,INR,2026-08-19T17:44:12.030Z,gw-3MVDXHQ-TXN-3MVDXHQ-000720
TXN-3MVDXHQ-000721,5047.63,INR,2026-08-19T17:44:12.110Z,gw-3MVDXHQ-TXN-3MVDXHQ-000721
TXN-3MVDXHQ-000721,5047.63,INR,2026-08-19T17:44:12.110Z,gw-3MVDXHQ-TXN-3MVDXHQ-000721
TXN-3MVDXHQ-000722,9063.03,INR,2026-08-19T17:44:12.211Z,gw-3MVDXHQ-TXN-3MVDXHQ-000722
TXN-3MVDXHQ-000723,44411.79,INR,2026-08-19T17:44:12.307Z,gw-3MVDXHQ-TXN-3MVDXHQ-000723
TXN-3MVDXHQ-000724,18847.42,INR,2026-08-19T17:44:12.422Z,gw-3MVDXHQ-TXN-3MVDXHQ-000724
TXN-3MVDXHQ-000725,39065.07,INR,2026-08-19T17:44:12.501Z,gw-3MVDXHQ-TXN-3MVDXHQ-000725
TXN-3MVDXHQ-000726,41595.92,INR,2026-08-19T17:44:12.634Z,gw-3MVDXHQ-TXN-3MVDXHQ-000726
TXN-3MVDXHQ-000727,14711.70,INR,2026-08-19T17:44:12.794Z,gw-3MVDXHQ-TXN-3MVDXHQ-000727
TXN-3MVDXHQ-000728,12799.45,INR,2026-08-19T17:44:12.865Z,gw-3MVDXHQ-TXN-3MVDXHQ-000728
TXN-3MVDXHQ-000729,33234.55,INR,2026-08-19T17:44:12.934Z,gw-3MVDXHQ-TXN-3MVDXHQ-000729
TXN-3MVDXHQ-000730,23538.47,INR,2026-08-19T17:44:13.008Z,gw-3MVDXHQ-TXN-3MVDXHQ-000730
TXN-3MVDXHQ-000731,35257.69,INR,2026-08-19T17:44:13.186Z,gw-3MVDXHQ-TXN-3MVDXHQ-000731
TXN-3MVDXHQ-000732,32255.03,INR,2026-08-19T17:44:13.216Z,gw-3MVDXHQ-TXN-3MVDXHQ-000732
TXN-3MVDXHQ-000733,34993.22,INR,2026-08-19T17:44:13.365Z,gw-3MVDXHQ-TXN-3MVDXHQ-000733
TXN-3MVDXHQ-000734,26206.56,INR,2026-08-19T17:44:13.445Z,gw-3MVDXHQ-TXN-3MVDXHQ-000734
TXN-3MVDXHQ-000735,15803.24,INR,2026-08-19T17:44:13.509Z,gw-3MVDXHQ-TXN-3MVDXHQ-000735
TXN-3MVDXHQ-000736,7149.92,INR,2026-08-19T17:44:13.618Z,gw-3MVDXHQ-TXN-3MVDXHQ-000736
TXN-3MVDXHQ-000737,2696.59,INR,2026-08-19T17:44:13.759Z,gw-3MVDXHQ-TXN-3MVDXHQ-000737
TXN-3MVDXHQ-000738,43725.01,INR,2026-08-19T17:44:13.885Z,gw-3MVDXHQ-TXN-3MVDXHQ-000738
TXN-3MVDXHQ-000739,27183.73,INR,2026-08-19T17:44:13.955Z,gw-3MVDXHQ-TXN-3MVDXHQ-000739
TXN-3MVDXHQ-000740,3020.51,INR,2026-08-19T17:44:14.012Z,gw-3MVDXHQ-TXN-3MVDXHQ-000740
TXN-3MVDXHQ-000741,830.10,INR,2026-08-19T17:44:14.102Z,gw-3MVDXHQ-TXN-3MVDXHQ-000741
TXN-3MVDXHQ-000742,13602.82,INR,2026-08-19T17:44:14.257Z,gw-3MVDXHQ-TXN-3MVDXHQ-000742
TXN-3MVDXHQ-000743,34841.11,INR,2026-08-19T17:44:14.354Z,gw-3MVDXHQ-TXN-3MVDXHQ-000743
TXN-3MVDXHQ-000744,30938.87,INR,2026-08-19T17:44:14.499Z,gw-3MVDXHQ-TXN-3MVDXHQ-000744
TXN-3MVDXHQ-000745,4840.61,INR,2026-08-19T17:44:14.564Z,gw-3MVDXHQ-TXN-3MVDXHQ-000745
TXN-3MVDXHQ-000746,23554.42,INR,2026-08-19T17:44:14.627Z,gw-3MVDXHQ-TXN-3MVDXHQ-000746
TXN-3MVDXHQ-000747,27786.21,INR,2026-08-19T17:44:14.792Z,gw-3MVDXHQ-TXN-3MVDXHQ-000747
TXN-3MVDXHQ-000748,18419.00,INR,2026-08-19T17:44:14.900Z,gw-3MVDXHQ-TXN-3MVDXHQ-000748
TXN-3MVDXHQ-000749,2980.57,INR,2026-08-19T17:44:14.932Z,gw-3MVDXHQ-TXN-3MVDXHQ-000749
TXN-3MVDXHQ-000750,44539.56,INR,2026-08-19T17:44:15.059Z,gw-3MVDXHQ-TXN-3MVDXHQ-000750
TXN-3MVDXHQ-000751,42416.80,INR,2026-08-19T17:44:15.190Z,gw-3MVDXHQ-TXN-3MVDXHQ-000751
TXN-3MVDXHQ-000752,18889.41,INR,2026-08-19T17:44:15.230Z,gw-3MVDXHQ-TXN-3MVDXHQ-000752
TXN-3MVDXHQ-000753,252.51,INR,2026-08-19T17:44:15.380Z,gw-3MVDXHQ-TXN-3MVDXHQ-000753
TXN-3MVDXHQ-000754,28975.38,INR,2026-08-19T17:44:15.402Z,gw-3MVDXHQ-TXN-3MVDXHQ-000754
TXN-3MVDXHQ-000755,35062.91,INR,2026-08-19T17:44:15.505Z,gw-3MVDXHQ-TXN-3MVDXHQ-000755
TXN-3MVDXHQ-000756,31799.57,INR,2026-08-19T17:44:15.686Z,gw-3MVDXHQ-TXN-3MVDXHQ-000756
TXN-3MVDXHQ-000757,45227.03,INR,2026-08-19T17:44:15.750Z,gw-3MVDXHQ-TXN-3MVDXHQ-000757
TXN-3MVDXHQ-000758,20940.72,INR,2026-08-19T17:44:15.848Z,gw-3MVDXHQ-TXN-3MVDXHQ-000758
TXN-3MVDXHQ-000759,43913.73,INR,2026-08-19T17:44:15.927Z,gw-3MVDXHQ-TXN-3MVDXHQ-000759
TXN-3MVDXHQ-000760,24074.38,INR,2026-08-19T17:44:16.070Z,gw-3MVDXHQ-TXN-3MVDXHQ-000760
TXN-3MVDXHQ-000761,29121.54,INR,2026-08-19T17:44:16.137Z,gw-3MVDXHQ-TXN-3MVDXHQ-000761
TXN-3MVDXHQ-000762,36515.33,INR,2026-08-19T17:44:16.267Z,gw-3MVDXHQ-TXN-3MVDXHQ-000762
TXN-3MVDXHQ-000763,28850.14,INR,2026-08-19T17:44:16.327Z,gw-3MVDXHQ-TXN-3MVDXHQ-000763
TXN-3MVDXHQ-000764,40935.64,INR,2026-08-19T17:44:16.404Z,gw-3MVDXHQ-TXN-3MVDXHQ-000764
TXN-3MVDXHQ-000765,39082.83,INR,2026-08-19T17:44:16.563Z,gw-3MVDXHQ-TXN-3MVDXHQ-000765
TXN-3MVDXHQ-000766,1094.03,INR,2026-08-19T17:44:16.629Z,gw-3MVDXHQ-TXN-3MVDXHQ-000766
TXN-3MVDXHQ-000767,5578.31,INR,2026-08-19T17:44:16.754Z,gw-3MVDXHQ-TXN-3MVDXHQ-000767
TXN-3MVDXHQ-000768,15596.70,INR,2026-08-19T17:44:16.810Z,gw-3MVDXHQ-TXN-3MVDXHQ-000768
TXN-3MVDXHQ-000769,41879.49,INR,2026-08-19T17:44:16.922Z,gw-3MVDXHQ-TXN-3MVDXHQ-000769
TXN-3MVDXHQ-000770,38855.40,INR,2026-08-19T17:44:17.012Z,gw-3MVDXHQ-TXN-3MVDXHQ-000770
TXN-3MVDXHQ-000771,19069.49,INR,2026-08-19T17:44:17.169Z,gw-3MVDXHQ-TXN-3MVDXHQ-000771
TXN-3MVDXHQ-000772,21093.86,INR,2026-08-19T17:44:17.205Z,gw-3MVDXHQ-TXN-3MVDXHQ-000772
TXN-3MVDXHQ-000773,30841.91,INR,2026-08-19T17:44:17.378Z,gw-3MVDXHQ-TXN-3MVDXHQ-000773
TXN-3MVDXHQ-000774,5064.86,INR,2026-08-19T17:44:17.445Z,gw-3MVDXHQ-TXN-3MVDXHQ-000774
TXN-3MVDXHQ-000775,13274.98,INR,2026-08-19T17:44:17.569Z,gw-3MVDXHQ-TXN-3MVDXHQ-000775
TXN-3MVDXHQ-000776,849.59,INR,2026-08-19T17:44:17.655Z,gw-3MVDXHQ-TXN-3MVDXHQ-000776
TXN-3MVDXHQ-000777,42555.92,INR,2026-08-19T17:44:17.790Z,gw-3MVDXHQ-TXN-3MVDXHQ-000777
TXN-3MVDXHQ-000778,2906.14,INR,2026-08-19T17:44:17.852Z,gw-3MVDXHQ-TXN-3MVDXHQ-000778
TXN-3MVDXHQ-000779,21361.64,INR,2026-08-19T17:44:17.987Z,gw-3MVDXHQ-TXN-3MVDXHQ-000779
TXN-3MVDXHQ-000780,14196.53,INR,2026-08-19T17:44:18.023Z,gw-3MVDXHQ-TXN-3MVDXHQ-000780
TXN-3MVDXHQ-000781,25362.19,INR,2026-08-19T17:44:18.135Z,gw-3MVDXHQ-TXN-3MVDXHQ-000781
TXN-3MVDXHQ-000782,17989.69,INR,2026-08-19T17:44:18.244Z,gw-3MVDXHQ-TXN-3MVDXHQ-000782
TXN-3MVDXHQ-000783,18145.70,INR,2026-08-19T17:44:18.345Z,gw-3MVDXHQ-TXN-3MVDXHQ-000783
TXN-3MVDXHQ-000784,14646.18,INR,2026-08-19T17:44:18.426Z,gw-3MVDXHQ-TXN-3MVDXHQ-000784
TXN-3MVDXHQ-000785,29964.35,INR,2026-08-19T17:44:18.536Z,gw-3MVDXHQ-TXN-3MVDXHQ-000785
TXN-3MVDXHQ-000786,12593.44,INR,2026-08-19T17:44:18.657Z,gw-3MVDXHQ-TXN-3MVDXHQ-000786
TXN-3MVDXHQ-000787,22478.76,INR,2026-08-19T17:44:18.750Z,gw-3MVDXHQ-TXN-3MVDXHQ-000787
TXN-3MVDXHQ-000788,44802.43,INR,2026-08-19T17:44:18.828Z,gw-3MVDXHQ-TXN-3MVDXHQ-000788
TXN-3MVDXHQ-000789,23157.15,INR,2026-08-19T17:44:18.981Z,gw-3MVDXHQ-TXN-3MVDXHQ-000789
TXN-3MVDXHQ-000789,23157.15,INR,2026-08-19T17:44:18.981Z,gw-3MVDXHQ-TXN-3MVDXHQ-000789
TXN-3MVDXHQ-000790,6959.80,INR,2026-08-19T17:44:19.020Z,gw-3MVDXHQ-TXN-3MVDXHQ-000790
TXN-3MVDXHQ-000791,46504.11,INR,2026-08-19T17:44:19.121Z,gw-3MVDXHQ-TXN-3MVDXHQ-000791
TXN-3MVDXHQ-000792,31372.61,INR,2026-08-19T17:44:19.223Z,gw-3MVDXHQ-TXN-3MVDXHQ-000792
TXN-3MVDXHQ-000793,10291.67,INR,2026-08-19T17:44:19.325Z,gw-3MVDXHQ-TXN-3MVDXHQ-000793
TXN-3MVDXHQ-000794,17256.89,INR,2026-08-19T17:44:19.477Z,gw-3MVDXHQ-TXN-3MVDXHQ-000794
TXN-3MVDXHQ-000795,23552.37,INR,2026-08-19T17:44:19.561Z,gw-3MVDXHQ-TXN-3MVDXHQ-000795
TXN-3MVDXHQ-000796,35992.16,INR,2026-08-19T17:44:19.672Z,gw-3MVDXHQ-TXN-3MVDXHQ-000796
TXN-3MVDXHQ-000797,45533.65,INR,2026-08-19T17:44:19.791Z,gw-3MVDXHQ-TXN-3MVDXHQ-000797
TXN-3MVDXHQ-000798,17850.73,INR,2026-08-19T17:44:19.828Z,gw-3MVDXHQ-TXN-3MVDXHQ-000798
TXN-3MVDXHQ-000799,15341.20,INR,2026-08-19T17:44:19.992Z,gw-3MVDXHQ-TXN-3MVDXHQ-000799
TXN-3MVDXHQ-000800,31521.51,INR,2026-08-19T17:44:20.088Z,gw-3MVDXHQ-TXN-3MVDXHQ-000800
TXN-3MVDXHQ-000801,19877.31,INR,2026-08-19T17:44:20.155Z,gw-3MVDXHQ-TXN-3MVDXHQ-000801
TXN-3MVDXHQ-000802,45756.81,INR,2026-08-19T17:44:20.261Z,gw-3MVDXHQ-TXN-3MVDXHQ-000802
TXN-3MVDXHQ-000803,24753.26,INR,2026-08-19T17:44:20.355Z,gw-3MVDXHQ-TXN-3MVDXHQ-000803
TXN-3MVDXHQ-000804,49680.26,INR,2026-08-19T17:44:20.444Z,gw-3MVDXHQ-TXN-3MVDXHQ-000804
TXN-3MVDXHQ-000805,32176.56,INR,2026-08-19T17:44:20.567Z,gw-3MVDXHQ-TXN-3MVDXHQ-000805
TXN-3MVDXHQ-000806,28098.89,INR,2026-08-19T17:44:20.620Z,gw-3MVDXHQ-TXN-3MVDXHQ-000806
TXN-3MVDXHQ-000807,36251.55,INR,2026-08-19T17:44:20.738Z,gw-3MVDXHQ-TXN-3MVDXHQ-000807
TXN-3MVDXHQ-000808,36189.35,INR,2026-08-19T17:44:20.896Z,gw-3MVDXHQ-TXN-3MVDXHQ-000808
TXN-3MVDXHQ-000809,35357.37,INR,2026-08-19T17:44:20.951Z,gw-3MVDXHQ-TXN-3MVDXHQ-000809
TXN-3MVDXHQ-000810,11713.50,INR,2026-08-19T17:44:21.002Z,gw-3MVDXHQ-TXN-3MVDXHQ-000810
TXN-3MVDXHQ-000811,23365.35,INR,2026-08-19T17:44:21.148Z,gw-3MVDXHQ-TXN-3MVDXHQ-000811
TXN-3MVDXHQ-000812,17608.03,INR,2026-08-19T17:44:21.300Z,gw-3MVDXHQ-TXN-3MVDXHQ-000812
TXN-3MVDXHQ-000813,6413.20,INR,2026-08-19T17:44:21.370Z,gw-3MVDXHQ-TXN-3MVDXHQ-000813
TXN-3MVDXHQ-000814,27465.76,INR,2026-08-19T17:44:21.408Z,gw-3MVDXHQ-TXN-3MVDXHQ-000814
TXN-3MVDXHQ-000815,43126.30,INR,2026-08-19T17:44:21.506Z,gw-3MVDXHQ-TXN-3MVDXHQ-000815
TXN-3MVDXHQ-000816,977.09,INR,2026-08-19T17:44:21.675Z,gw-3MVDXHQ-TXN-3MVDXHQ-000816
TXN-3MVDXHQ-000817,30813.60,INR,2026-08-19T17:44:21.747Z,gw-3MVDXHQ-TXN-3MVDXHQ-000817
TXN-3MVDXHQ-000818,17461.00,INR,2026-08-19T17:44:21.806Z,gw-3MVDXHQ-TXN-3MVDXHQ-000818
TXN-3MVDXHQ-000819,11315.75,INR,2026-08-19T17:44:21.902Z,gw-3MVDXHQ-TXN-3MVDXHQ-000819
TXN-3MVDXHQ-000820,9560.12,INR,2026-08-19T17:44:22.037Z,gw-3MVDXHQ-TXN-3MVDXHQ-000820
TXN-3MVDXHQ-000821,26021.52,INR,2026-08-19T17:44:22.127Z,gw-3MVDXHQ-TXN-3MVDXHQ-000821
TXN-3MVDXHQ-000822,315.82,INR,2026-08-19T17:44:22.273Z,gw-3MVDXHQ-TXN-3MVDXHQ-000822
TXN-3MVDXHQ-000823,21290.11,INR,2026-08-19T17:44:22.396Z,gw-3MVDXHQ-TXN-3MVDXHQ-000823
TXN-3MVDXHQ-000824,21715.00,INR,2026-08-19T17:44:22.479Z,gw-3MVDXHQ-TXN-3MVDXHQ-000824
TXN-3MVDXHQ-000825,47927.23,INR,2026-08-19T17:44:22.581Z,gw-3MVDXHQ-TXN-3MVDXHQ-000825
TXN-3MVDXHQ-000826,8618.42,INR,2026-08-19T17:44:22.646Z,gw-3MVDXHQ-TXN-3MVDXHQ-000826
TXN-3MVDXHQ-000827,9292.46,INR,2026-08-19T17:44:22.763Z,gw-3MVDXHQ-TXN-3MVDXHQ-000827
TXN-3MVDXHQ-000828,14605.06,INR,2026-08-19T17:44:22.864Z,gw-3MVDXHQ-TXN-3MVDXHQ-000828
TXN-3MVDXHQ-000829,726.28,INR,2026-08-19T17:44:22.946Z,gw-3MVDXHQ-TXN-3MVDXHQ-000829
TXN-3MVDXHQ-000830,29201.82,INR,2026-08-19T17:44:23.045Z,gw-3MVDXHQ-TXN-3MVDXHQ-000830
TXN-3MVDXHQ-000831,1936.28,INR,2026-08-19T17:44:23.152Z,gw-3MVDXHQ-TXN-3MVDXHQ-000831
TXN-3MVDXHQ-000832,47614.00,INR,2026-08-19T17:44:23.245Z,gw-3MVDXHQ-TXN-3MVDXHQ-000832
TXN-3MVDXHQ-000833,38084.32,INR,2026-08-19T17:44:23.338Z,gw-3MVDXHQ-TXN-3MVDXHQ-000833
TXN-3MVDXHQ-000834,25031.71,INR,2026-08-19T17:44:23.471Z,gw-3MVDXHQ-TXN-3MVDXHQ-000834
TXN-3MVDXHQ-000835,47731.14,INR,2026-08-19T17:44:23.542Z,gw-3MVDXHQ-TXN-3MVDXHQ-000835
TXN-3MVDXHQ-000836,46240.89,INR,2026-08-19T17:44:23.687Z,gw-3MVDXHQ-TXN-3MVDXHQ-000836
TXN-3MVDXHQ-000837,7758.29,INR,2026-08-19T17:44:23.768Z,gw-3MVDXHQ-TXN-3MVDXHQ-000837
TXN-3MVDXHQ-000838,12967.36,INR,2026-08-19T17:44:23.843Z,gw-3MVDXHQ-TXN-3MVDXHQ-000838
TXN-3MVDXHQ-000839,45645.54,INR,2026-08-19T17:44:23.961Z,gw-3MVDXHQ-TXN-3MVDXHQ-000839
TXN-3MVDXHQ-000840,2533.96,INR,2026-08-19T17:44:24.068Z,gw-3MVDXHQ-TXN-3MVDXHQ-000840
TXN-3MVDXHQ-000841,38202.98,INR,2026-08-19T17:44:24.115Z,gw-3MVDXHQ-TXN-3MVDXHQ-000841
TXN-3MVDXHQ-000842,23449.68,INR,2026-08-19T17:44:24.274Z,gw-3MVDXHQ-TXN-3MVDXHQ-000842
TXN-3MVDXHQ-000843,7569.44,INR,2026-08-19T17:44:24.300Z,gw-3MVDXHQ-TXN-3MVDXHQ-000843
TXN-3MVDXHQ-000843,7569.44,INR,2026-08-19T17:44:24.300Z,gw-3MVDXHQ-TXN-3MVDXHQ-000843
TXN-3MVDXHQ-000844,25049.29,INR,2026-08-19T17:44:24.466Z,gw-3MVDXHQ-TXN-3MVDXHQ-000844
TXN-3MVDXHQ-000845,30628.77,INR,2026-08-19T17:44:24.590Z,gw-3MVDXHQ-TXN-3MVDXHQ-000845
TXN-3MVDXHQ-000846,29152.26,INR,2026-08-19T17:44:24.669Z,gw-3MVDXHQ-TXN-3MVDXHQ-000846
TXN-3MVDXHQ-000847,27433.54,INR,2026-08-19T17:44:24.743Z,gw-3MVDXHQ-TXN-3MVDXHQ-000847
TXN-3MVDXHQ-000848,48097.08,INR,2026-08-19T17:44:24.824Z,gw-3MVDXHQ-TXN-3MVDXHQ-000848
TXN-3MVDXHQ-000849,28558.28,INR,2026-08-19T17:44:24.950Z,gw-3MVDXHQ-TXN-3MVDXHQ-000849
TXN-3MVDXHQ-000850,44114.27,INR,2026-08-19T17:44:25.030Z,gw-3MVDXHQ-TXN-3MVDXHQ-000850
TXN-3MVDXHQ-000851,5114.61,INR,2026-08-19T17:44:25.134Z,gw-3MVDXHQ-TXN-3MVDXHQ-000851
TXN-3MVDXHQ-000852,42662.42,INR,2026-08-19T17:44:25.290Z,gw-3MVDXHQ-TXN-3MVDXHQ-000852
TXN-3MVDXHQ-000853,38935.28,INR,2026-08-19T17:44:25.384Z,gw-3MVDXHQ-TXN-3MVDXHQ-000853
TXN-3MVDXHQ-000854,32977.86,INR,2026-08-19T17:44:25.468Z,gw-3MVDXHQ-TXN-3MVDXHQ-000854
TXN-3MVDXHQ-000855,45325.21,INR,2026-08-19T17:44:25.592Z,gw-3MVDXHQ-TXN-3MVDXHQ-000855
TXN-3MVDXHQ-000856,45171.43,INR,2026-08-19T17:44:25.680Z,gw-3MVDXHQ-TXN-3MVDXHQ-000856
TXN-3MVDXHQ-000857,30490.33,INR,2026-08-19T17:44:25.800Z,gw-3MVDXHQ-TXN-3MVDXHQ-000857
TXN-3MVDXHQ-000858,30277.70,INR,2026-08-19T17:44:25.866Z,gw-3MVDXHQ-TXN-3MVDXHQ-000858
TXN-3MVDXHQ-000859,45736.80,INR,2026-08-19T17:44:25.941Z,gw-3MVDXHQ-TXN-3MVDXHQ-000859
TXN-3MVDXHQ-000860,48848.16,INR,2026-08-19T17:44:26.015Z,gw-3MVDXHQ-TXN-3MVDXHQ-000860
TXN-3MVDXHQ-000861,41833.68,INR,2026-08-19T17:44:26.165Z,gw-3MVDXHQ-TXN-3MVDXHQ-000861
TXN-3MVDXHQ-000862,24440.50,INR,2026-08-19T17:44:26.300Z,gw-3MVDXHQ-TXN-3MVDXHQ-000862
TXN-3MVDXHQ-000863,24210.08,INR,2026-08-19T17:44:26.335Z,gw-3MVDXHQ-TXN-3MVDXHQ-000863
TXN-3MVDXHQ-000864,29363.50,INR,2026-08-19T17:44:26.450Z,gw-3MVDXHQ-TXN-3MVDXHQ-000864
TXN-3MVDXHQ-000864,29363.50,INR,2026-08-19T17:44:26.450Z,gw-3MVDXHQ-TXN-3MVDXHQ-000864
TXN-3MVDXHQ-000865,20205.12,INR,2026-08-19T17:44:26.523Z,gw-3MVDXHQ-TXN-3MVDXHQ-000865
TXN-3MVDXHQ-000866,8013.93,INR,2026-08-19T17:44:26.641Z,gw-3MVDXHQ-TXN-3MVDXHQ-000866
TXN-3MVDXHQ-000867,3753.89,INR,2026-08-19T17:44:26.739Z,gw-3MVDXHQ-TXN-3MVDXHQ-000867
TXN-3MVDXHQ-000868,11713.81,INR,2026-08-19T17:44:26.837Z,gw-3MVDXHQ-TXN-3MVDXHQ-000868
TXN-3MVDXHQ-000869,19429.86,INR,2026-08-19T17:44:26.912Z,gw-3MVDXHQ-TXN-3MVDXHQ-000869
TXN-3MVDXHQ-000870,20543.01,INR,2026-08-19T17:44:27.049Z,gw-3MVDXHQ-TXN-3MVDXHQ-000870
TXN-3MVDXHQ-000871,13311.08,INR,2026-08-19T17:44:27.179Z,gw-3MVDXHQ-TXN-3MVDXHQ-000871
TXN-3MVDXHQ-000872,21812.46,INR,2026-08-19T17:44:27.281Z,gw-3MVDXHQ-TXN-3MVDXHQ-000872
TXN-3MVDXHQ-000873,25233.55,INR,2026-08-19T17:44:27.337Z,gw-3MVDXHQ-TXN-3MVDXHQ-000873
TXN-3MVDXHQ-000874,22127.85,INR,2026-08-19T17:44:27.403Z,gw-3MVDXHQ-TXN-3MVDXHQ-000874
TXN-3MVDXHQ-000875,14110.14,INR,2026-08-19T17:44:27.506Z,gw-3MVDXHQ-TXN-3MVDXHQ-000875
TXN-3MVDXHQ-000876,1291.01,INR,2026-08-19T17:44:27.687Z,gw-3MVDXHQ-TXN-3MVDXHQ-000876
TXN-3MVDXHQ-000877,41062.52,INR,2026-08-19T17:44:27.720Z,gw-3MVDXHQ-TXN-3MVDXHQ-000877
TXN-3MVDXHQ-000878,10852.05,INR,2026-08-19T17:44:27.829Z,gw-3MVDXHQ-TXN-3MVDXHQ-000878
TXN-3MVDXHQ-000879,40884.09,INR,2026-08-19T17:44:27.969Z,gw-3MVDXHQ-TXN-3MVDXHQ-000879
TXN-3MVDXHQ-000880,22252.21,INR,2026-08-19T17:44:28.024Z,gw-3MVDXHQ-TXN-3MVDXHQ-000880
TXN-3MVDXHQ-000881,2850.46,INR,2026-08-19T17:44:28.118Z,gw-3MVDXHQ-TXN-3MVDXHQ-000881
TXN-3MVDXHQ-000882,15484.12,INR,2026-08-19T17:44:28.244Z,gw-3MVDXHQ-TXN-3MVDXHQ-000882
TXN-3MVDXHQ-000883,24376.31,INR,2026-08-19T17:44:28.357Z,gw-3MVDXHQ-TXN-3MVDXHQ-000883
TXN-3MVDXHQ-000884,10484.39,INR,2026-08-19T17:44:28.407Z,gw-3MVDXHQ-TXN-3MVDXHQ-000884
TXN-3MVDXHQ-000885,47090.62,INR,2026-08-19T17:44:28.564Z,gw-3MVDXHQ-TXN-3MVDXHQ-000885
TXN-3MVDXHQ-000886,42407.55,INR,2026-08-19T17:44:28.660Z,gw-3MVDXHQ-TXN-3MVDXHQ-000886
TXN-3MVDXHQ-000887,24287.51,INR,2026-08-19T17:44:28.766Z,gw-3MVDXHQ-TXN-3MVDXHQ-000887
TXN-3MVDXHQ-000888,44109.12,INR,2026-08-19T17:44:28.861Z,gw-3MVDXHQ-TXN-3MVDXHQ-000888
TXN-3MVDXHQ-000889,21739.22,INR,2026-08-19T17:44:28.966Z,gw-3MVDXHQ-TXN-3MVDXHQ-000889
TXN-3MVDXHQ-000890,14434.12,INR,2026-08-19T17:44:29.068Z,gw-3MVDXHQ-TXN-3MVDXHQ-000890
TXN-3MVDXHQ-000891,48533.78,INR,2026-08-19T17:44:29.163Z,gw-3MVDXHQ-TXN-3MVDXHQ-000891
TXN-3MVDXHQ-000892,14421.94,INR,2026-08-19T17:44:29.274Z,gw-3MVDXHQ-TXN-3MVDXHQ-000892
TXN-3MVDXHQ-000893,31953.67,INR,2026-08-19T17:44:29.321Z,gw-3MVDXHQ-TXN-3MVDXHQ-000893
TXN-3MVDXHQ-000894,4671.36,INR,2026-08-19T17:44:29.443Z,gw-3MVDXHQ-TXN-3MVDXHQ-000894
TXN-3MVDXHQ-000895,18468.25,INR,2026-08-19T17:44:29.593Z,gw-3MVDXHQ-TXN-3MVDXHQ-000895
TXN-3MVDXHQ-000896,27232.78,INR,2026-08-19T17:44:29.631Z,gw-3MVDXHQ-TXN-3MVDXHQ-000896
TXN-3MVDXHQ-000897,1998.08,INR,2026-08-19T17:44:29.722Z,gw-3MVDXHQ-TXN-3MVDXHQ-000897
TXN-3MVDXHQ-000898,35035.46,INR,2026-08-19T17:44:29.818Z,gw-3MVDXHQ-TXN-3MVDXHQ-000898
TXN-3MVDXHQ-000899,39192.64,INR,2026-08-19T17:44:29.965Z,gw-3MVDXHQ-TXN-3MVDXHQ-000899
TXN-3MVDXHQ-000900,45265.22,INR,2026-08-19T17:44:30.002Z,gw-3MVDXHQ-TXN-3MVDXHQ-000900
TXN-3MVDXHQ-000901,18207.69,INR,2026-08-19T17:44:30.114Z,gw-3MVDXHQ-TXN-3MVDXHQ-000901
TXN-3MVDXHQ-000902,23107.53,INR,2026-08-19T17:44:30.299Z,gw-3MVDXHQ-TXN-3MVDXHQ-000902
TXN-3MVDXHQ-000903,13362.60,INR,2026-08-19T17:44:30.399Z,gw-3MVDXHQ-TXN-3MVDXHQ-000903
TXN-3MVDXHQ-000904,9944.00,INR,2026-08-19T17:44:30.483Z,gw-3MVDXHQ-TXN-3MVDXHQ-000904
TXN-3MVDXHQ-000905,8688.88,INR,2026-08-19T17:44:30.536Z,gw-3MVDXHQ-TXN-3MVDXHQ-000905
TXN-3MVDXHQ-000906,30921.48,INR,2026-08-19T17:44:30.682Z,gw-3MVDXHQ-TXN-3MVDXHQ-000906
TXN-3MVDXHQ-000907,16150.10,INR,2026-08-19T17:44:30.701Z,gw-3MVDXHQ-TXN-3MVDXHQ-000907
TXN-3MVDXHQ-000908,45885.18,INR,2026-08-19T17:44:30.860Z,gw-3MVDXHQ-TXN-3MVDXHQ-000908
TXN-3MVDXHQ-000909,30966.41,INR,2026-08-19T17:44:30.972Z,gw-3MVDXHQ-TXN-3MVDXHQ-000909
TXN-3MVDXHQ-000910,31997.41,INR,2026-08-19T17:44:31.070Z,gw-3MVDXHQ-TXN-3MVDXHQ-000910
TXN-3MVDXHQ-000911,47615.06,INR,2026-08-19T17:44:31.123Z,gw-3MVDXHQ-TXN-3MVDXHQ-000911
TXN-3MVDXHQ-000912,862.62,INR,2026-08-19T17:44:31.221Z,gw-3MVDXHQ-TXN-3MVDXHQ-000912
TXN-3MVDXHQ-000913,4538.60,INR,2026-08-19T17:44:31.364Z,gw-3MVDXHQ-TXN-3MVDXHQ-000913
TXN-3MVDXHQ-000914,37524.20,INR,2026-08-19T17:44:31.425Z,gw-3MVDXHQ-TXN-3MVDXHQ-000914
TXN-3MVDXHQ-000915,9643.81,INR,2026-08-19T17:44:31.510Z,gw-3MVDXHQ-TXN-3MVDXHQ-000915
TXN-3MVDXHQ-000916,47923.63,INR,2026-08-19T17:44:31.635Z,gw-3MVDXHQ-TXN-3MVDXHQ-000916
TXN-3MVDXHQ-000917,23566.31,INR,2026-08-19T17:44:31.717Z,gw-3MVDXHQ-TXN-3MVDXHQ-000917
TXN-3MVDXHQ-000918,23333.82,INR,2026-08-19T17:44:31.879Z,gw-3MVDXHQ-TXN-3MVDXHQ-000918
TXN-3MVDXHQ-000919,5918.27,INR,2026-08-19T17:44:31.986Z,gw-3MVDXHQ-TXN-3MVDXHQ-000919
TXN-3MVDXHQ-000920,48956.12,INR,2026-08-19T17:44:32.094Z,gw-3MVDXHQ-TXN-3MVDXHQ-000920
TXN-3MVDXHQ-000921,21398.41,INR,2026-08-19T17:44:32.166Z,gw-3MVDXHQ-TXN-3MVDXHQ-000921
TXN-3MVDXHQ-000922,8998.57,INR,2026-08-19T17:44:32.235Z,gw-3MVDXHQ-TXN-3MVDXHQ-000922
TXN-3MVDXHQ-000923,34308.09,INR,2026-08-19T17:44:32.336Z,gw-3MVDXHQ-TXN-3MVDXHQ-000923
TXN-3MVDXHQ-000924,37470.04,INR,2026-08-19T17:44:32.469Z,gw-3MVDXHQ-TXN-3MVDXHQ-000924
TXN-3MVDXHQ-000925,4815.75,INR,2026-08-19T17:44:32.579Z,gw-3MVDXHQ-TXN-3MVDXHQ-000925
TXN-3MVDXHQ-000926,33682.34,INR,2026-08-19T17:44:32.644Z,gw-3MVDXHQ-TXN-3MVDXHQ-000926
TXN-3MVDXHQ-000927,11125.30,INR,2026-08-19T17:44:32.720Z,gw-3MVDXHQ-TXN-3MVDXHQ-000927
TXN-3MVDXHQ-000928,8778.42,INR,2026-08-19T17:44:32.858Z,gw-3MVDXHQ-TXN-3MVDXHQ-000928
TXN-3MVDXHQ-000929,26002.78,INR,2026-08-19T17:44:32.940Z,gw-3MVDXHQ-TXN-3MVDXHQ-000929
TXN-3MVDXHQ-000930,34946.77,INR,2026-08-19T17:44:33.071Z,gw-3MVDXHQ-TXN-3MVDXHQ-000930
TXN-3MVDXHQ-000931,33104.61,INR,2026-08-19T17:44:33.161Z,gw-3MVDXHQ-TXN-3MVDXHQ-000931
TXN-3MVDXHQ-000932,16682.51,INR,2026-08-19T17:44:33.214Z,gw-3MVDXHQ-TXN-3MVDXHQ-000932
TXN-3MVDXHQ-000933,35140.17,INR,2026-08-19T17:44:33.341Z,gw-3MVDXHQ-TXN-3MVDXHQ-000933
TXN-3MVDXHQ-000934,19733.01,INR,2026-08-19T17:44:33.415Z,gw-3MVDXHQ-TXN-3MVDXHQ-000934
TXN-3MVDXHQ-000935,38465.29,INR,2026-08-19T17:44:33.544Z,gw-3MVDXHQ-TXN-3MVDXHQ-000935
TXN-3MVDXHQ-000936,25938.14,INR,2026-08-19T17:44:33.602Z,gw-3MVDXHQ-TXN-3MVDXHQ-000936
TXN-3MVDXHQ-000937,42708.72,INR,2026-08-19T17:44:33.798Z,gw-3MVDXHQ-TXN-3MVDXHQ-000937
TXN-3MVDXHQ-000938,13092.25,INR,2026-08-19T17:44:33.882Z,gw-3MVDXHQ-TXN-3MVDXHQ-000938
TXN-3MVDXHQ-000939,42961.39,INR,2026-08-19T17:44:33.969Z,gw-3MVDXHQ-TXN-3MVDXHQ-000939
TXN-3MVDXHQ-000940,20713.69,INR,2026-08-19T17:44:34.061Z,gw-3MVDXHQ-TXN-3MVDXHQ-000940
TXN-3MVDXHQ-000941,10901.89,INR,2026-08-19T17:44:34.161Z,gw-3MVDXHQ-TXN-3MVDXHQ-000941
TXN-3MVDXHQ-000942,17285.60,INR,2026-08-19T17:44:34.258Z,gw-3MVDXHQ-TXN-3MVDXHQ-000942
TXN-3MVDXHQ-000943,31732.94,INR,2026-08-19T17:44:34.380Z,gw-3MVDXHQ-TXN-3MVDXHQ-000943
TXN-3MVDXHQ-000944,17476.85,INR,2026-08-19T17:44:34.452Z,gw-3MVDXHQ-TXN-3MVDXHQ-000944
TXN-3MVDXHQ-000945,37476.38,INR,2026-08-19T17:44:34.577Z,gw-3MVDXHQ-TXN-3MVDXHQ-000945
TXN-3MVDXHQ-000946,19722.15,INR,2026-08-19T17:44:34.678Z,gw-3MVDXHQ-TXN-3MVDXHQ-000946
TXN-3MVDXHQ-000947,20924.79,INR,2026-08-19T17:44:34.721Z,gw-3MVDXHQ-TXN-3MVDXHQ-000947
TXN-3MVDXHQ-000948,22068.17,INR,2026-08-19T17:44:34.853Z,gw-3MVDXHQ-TXN-3MVDXHQ-000948
TXN-3MVDXHQ-000949,17361.44,INR,2026-08-19T17:44:34.929Z,gw-3MVDXHQ-TXN-3MVDXHQ-000949
TXN-3MVDXHQ-000950,30447.38,INR,2026-08-19T17:44:35.028Z,gw-3MVDXHQ-TXN-3MVDXHQ-000950
TXN-3MVDXHQ-000951,2911.15,INR,2026-08-19T17:44:35.163Z,gw-3MVDXHQ-TXN-3MVDXHQ-000951
TXN-3MVDXHQ-000952,39727.53,INR,2026-08-19T17:44:35.221Z,gw-3MVDXHQ-TXN-3MVDXHQ-000952
TXN-3MVDXHQ-000953,18512.07,INR,2026-08-19T17:44:35.317Z,gw-3MVDXHQ-TXN-3MVDXHQ-000953
TXN-3MVDXHQ-000954,47630.07,INR,2026-08-19T17:44:35.432Z,gw-3MVDXHQ-TXN-3MVDXHQ-000954
TXN-3MVDXHQ-000955,39752.49,INR,2026-08-19T17:44:35.509Z,gw-3MVDXHQ-TXN-3MVDXHQ-000955
TXN-3MVDXHQ-000955,39752.49,INR,2026-08-19T17:44:35.509Z,gw-3MVDXHQ-TXN-3MVDXHQ-000955
TXN-3MVDXHQ-000956,19025.53,INR,2026-08-19T17:44:35.611Z,gw-3MVDXHQ-TXN-3MVDXHQ-000956
TXN-3MVDXHQ-000957,48116.13,INR,2026-08-19T17:44:35.760Z,gw-3MVDXHQ-TXN-3MVDXHQ-000957
TXN-3MVDXHQ-000958,15289.64,INR,2026-08-19T17:44:35.848Z,gw-3MVDXHQ-TXN-3MVDXHQ-000958
TXN-3MVDXHQ-000959,9486.00,INR,2026-08-19T17:44:35.910Z,gw-3MVDXHQ-TXN-3MVDXHQ-000959
TXN-3MVDXHQ-000960,40319.03,INR,2026-08-19T17:44:36.023Z,gw-3MVDXHQ-TXN-3MVDXHQ-000960
TXN-3MVDXHQ-000961,18833.11,INR,2026-08-19T17:44:36.156Z,gw-3MVDXHQ-TXN-3MVDXHQ-000961
TXN-3MVDXHQ-000962,20327.80,INR,2026-08-19T17:44:36.221Z,gw-3MVDXHQ-TXN-3MVDXHQ-000962
TXN-3MVDXHQ-000963,37169.30,INR,2026-08-19T17:44:36.397Z,gw-3MVDXHQ-TXN-3MVDXHQ-000963
TXN-3MVDXHQ-000964,19359.90,INR,2026-08-19T17:44:36.488Z,gw-3MVDXHQ-TXN-3MVDXHQ-000964
TXN-3MVDXHQ-000965,25595.69,INR,2026-08-19T17:44:36.587Z,gw-3MVDXHQ-TXN-3MVDXHQ-000965
TXN-3MVDXHQ-000966,12899.03,INR,2026-08-19T17:44:36.689Z,gw-3MVDXHQ-TXN-3MVDXHQ-000966
TXN-3MVDXHQ-000967,4121.04,INR,2026-08-19T17:44:36.705Z,gw-3MVDXHQ-TXN-3MVDXHQ-000967
TXN-3MVDXHQ-000968,30988.27,INR,2026-08-19T17:44:36.813Z,gw-3MVDXHQ-TXN-3MVDXHQ-000968
TXN-3MVDXHQ-000969,24510.67,INR,2026-08-19T17:44:36.989Z,gw-3MVDXHQ-TXN-3MVDXHQ-000969
TXN-3MVDXHQ-000970,35861.26,INR,2026-08-19T17:44:37.059Z,gw-3MVDXHQ-TXN-3MVDXHQ-000970
TXN-3MVDXHQ-000971,21279.70,INR,2026-08-19T17:44:37.178Z,gw-3MVDXHQ-TXN-3MVDXHQ-000971
TXN-3MVDXHQ-000972,28587.10,INR,2026-08-19T17:44:37.237Z,gw-3MVDXHQ-TXN-3MVDXHQ-000972
TXN-3MVDXHQ-000973,41670.58,INR,2026-08-19T17:44:37.351Z,gw-3MVDXHQ-TXN-3MVDXHQ-000973
TXN-3MVDXHQ-000974,16062.79,INR,2026-08-19T17:44:37.455Z,gw-3MVDXHQ-TXN-3MVDXHQ-000974
TXN-3MVDXHQ-000975,8652.13,INR,2026-08-19T17:44:37.575Z,gw-3MVDXHQ-TXN-3MVDXHQ-000975
TXN-3MVDXHQ-000976,25606.08,INR,2026-08-19T17:44:37.688Z,gw-3MVDXHQ-TXN-3MVDXHQ-000976
TXN-3MVDXHQ-000977,44973.37,INR,2026-08-19T17:44:37.752Z,gw-3MVDXHQ-TXN-3MVDXHQ-000977
TXN-3MVDXHQ-000978,5578.86,INR,2026-08-19T17:44:37.882Z,gw-3MVDXHQ-TXN-3MVDXHQ-000978
TXN-3MVDXHQ-000979,37101.10,INR,2026-08-19T17:44:37.948Z,gw-3MVDXHQ-TXN-3MVDXHQ-000979
TXN-3MVDXHQ-000980,12200.74,INR,2026-08-19T17:44:38.055Z,gw-3MVDXHQ-TXN-3MVDXHQ-000980
TXN-3MVDXHQ-000981,27780.56,INR,2026-08-19T17:44:38.184Z,gw-3MVDXHQ-TXN-3MVDXHQ-000981
TXN-3MVDXHQ-000982,22025.28,INR,2026-08-19T17:44:38.248Z,gw-3MVDXHQ-TXN-3MVDXHQ-000982
TXN-3MVDXHQ-000983,28124.97,INR,2026-08-19T17:44:38.361Z,gw-3MVDXHQ-TXN-3MVDXHQ-000983
TXN-3MVDXHQ-000984,2569.13,INR,2026-08-19T17:44:38.409Z,gw-3MVDXHQ-TXN-3MVDXHQ-000984
TXN-3MVDXHQ-000985,40732.96,INR,2026-08-19T17:44:38.540Z,gw-3MVDXHQ-TXN-3MVDXHQ-000985
TXN-3MVDXHQ-000986,24705.36,INR,2026-08-19T17:44:38.643Z,gw-3MVDXHQ-TXN-3MVDXHQ-000986
TXN-3MVDXHQ-000987,35904.15,INR,2026-08-19T17:44:38.722Z,gw-3MVDXHQ-TXN-3MVDXHQ-000987
TXN-3MVDXHQ-000988,23078.42,INR,2026-08-19T17:44:38.822Z,gw-3MVDXHQ-TXN-3MVDXHQ-000988
TXN-3MVDXHQ-000989,28475.43,INR,2026-08-19T17:44:38.994Z,gw-3MVDXHQ-TXN-3MVDXHQ-000989
TXN-3MVDXHQ-000990,228.78,INR,2026-08-19T17:44:39.089Z,gw-3MVDXHQ-TXN-3MVDXHQ-000990
TXN-3MVDXHQ-000991,2549.36,INR,2026-08-19T17:44:39.148Z,gw-3MVDXHQ-TXN-3MVDXHQ-000991
TXN-3MVDXHQ-000992,3211.88,INR,2026-08-19T17:44:39.213Z,gw-3MVDXHQ-TXN-3MVDXHQ-000992
TXN-3MVDXHQ-000993,27133.41,INR,2026-08-19T17:44:39.377Z,gw-3MVDXHQ-TXN-3MVDXHQ-000993
TXN-3MVDXHQ-000994,18659.14,INR,2026-08-19T17:44:39.447Z,gw-3MVDXHQ-TXN-3MVDXHQ-000994
TXN-3MVDXHQ-000995,38579.03,INR,2026-08-19T17:44:39.580Z,gw-3MVDXHQ-TXN-3MVDXHQ-000995
TXN-3MVDXHQ-000996,24885.61,INR,2026-08-19T17:44:39.655Z,gw-3MVDXHQ-TXN-3MVDXHQ-000996
TXN-3MVDXHQ-000997,42784.26,INR,2026-08-19T17:44:39.740Z,gw-3MVDXHQ-TXN-3MVDXHQ-000997
TXN-3MVDXHQ-000998,43721.10,INR,2026-08-19T17:44:39.824Z,gw-3MVDXHQ-TXN-3MVDXHQ-000998
TXN-3MVDXHQ-000999,12273.68,INR,2026-08-19T17:44:39.902Z,gw-3MVDXHQ-TXN-3MVDXHQ-000999
TXN-3MVDXHQ-001000,38048.31,INR,2026-08-19T17:44:40.090Z,gw-3MVDXHQ-TXN-3MVDXHQ-001000
TXN-3MVDXHQ-001001,1429.17,INR,2026-08-19T17:44:40.116Z,gw-3MVDXHQ-TXN-3MVDXHQ-001001
TXN-3MVDXHQ-001002,26468.10,INR,2026-08-19T17:44:40.281Z,gw-3MVDXHQ-TXN-3MVDXHQ-001002
TXN-3MVDXHQ-001003,30193.99,INR,2026-08-19T17:44:40.312Z,gw-3MVDXHQ-TXN-3MVDXHQ-001003
TXN-3MVDXHQ-001004,196.63,INR,2026-08-19T17:44:40.459Z,gw-3MVDXHQ-TXN-3MVDXHQ-001004
TXN-3MVDXHQ-001005,5359.44,INR,2026-08-19T17:44:40.564Z,gw-3MVDXHQ-TXN-3MVDXHQ-001005
TXN-3MVDXHQ-001006,17298.56,INR,2026-08-19T17:44:40.659Z,gw-3MVDXHQ-TXN-3MVDXHQ-001006
TXN-3MVDXHQ-001007,48553.11,INR,2026-08-19T17:44:40.718Z,gw-3MVDXHQ-TXN-3MVDXHQ-001007
TXN-3MVDXHQ-001008,15588.90,INR,2026-08-19T17:44:40.846Z,gw-3MVDXHQ-TXN-3MVDXHQ-001008
TXN-3MVDXHQ-001009,32999.78,INR,2026-08-19T17:44:40.960Z,gw-3MVDXHQ-TXN-3MVDXHQ-001009
TXN-3MVDXHQ-001010,14804.01,INR,2026-08-19T17:44:41.070Z,gw-3MVDXHQ-TXN-3MVDXHQ-001010
TXN-3MVDXHQ-001011,15424.14,INR,2026-08-19T17:44:41.198Z,gw-3MVDXHQ-TXN-3MVDXHQ-001011
TXN-3MVDXHQ-001011,15424.14,INR,2026-08-19T17:44:41.198Z,gw-3MVDXHQ-TXN-3MVDXHQ-001011
TXN-3MVDXHQ-001012,4921.00,INR,2026-08-19T17:44:41.284Z,gw-3MVDXHQ-TXN-3MVDXHQ-001012
TXN-3MVDXHQ-001012,4921.00,INR,2026-08-19T17:44:41.284Z,gw-3MVDXHQ-TXN-3MVDXHQ-001012
TXN-3MVDXHQ-001013,22470.69,INR,2026-08-19T17:44:41.311Z,gw-3MVDXHQ-TXN-3MVDXHQ-001013
TXN-3MVDXHQ-001014,1114.51,INR,2026-08-19T17:44:41.429Z,gw-3MVDXHQ-TXN-3MVDXHQ-001014
TXN-3MVDXHQ-001015,35696.72,INR,2026-08-19T17:44:41.599Z,gw-3MVDXHQ-TXN-3MVDXHQ-001015
TXN-3MVDXHQ-001016,11454.87,INR,2026-08-19T17:44:41.654Z,gw-3MVDXHQ-TXN-3MVDXHQ-001016
TXN-3MVDXHQ-001017,22807.30,INR,2026-08-19T17:44:41.736Z,gw-3MVDXHQ-TXN-3MVDXHQ-001017
TXN-3MVDXHQ-001018,32924.65,INR,2026-08-19T17:44:41.825Z,gw-3MVDXHQ-TXN-3MVDXHQ-001018
TXN-3MVDXHQ-001019,16426.33,INR,2026-08-19T17:44:41.996Z,gw-3MVDXHQ-TXN-3MVDXHQ-001019
TXN-3MVDXHQ-001020,7013.91,INR,2026-08-19T17:44:42.013Z,gw-3MVDXHQ-TXN-3MVDXHQ-001020
TXN-3MVDXHQ-001021,32471.71,INR,2026-08-19T17:44:42.171Z,gw-3MVDXHQ-TXN-3MVDXHQ-001021
TXN-3MVDXHQ-001022,6620.85,INR,2026-08-19T17:44:42.286Z,gw-3MVDXHQ-TXN-3MVDXHQ-001022
TXN-3MVDXHQ-001023,48680.42,INR,2026-08-19T17:44:42.313Z,gw-3MVDXHQ-TXN-3MVDXHQ-001023
TXN-3MVDXHQ-001024,8777.34,INR,2026-08-19T17:44:42.424Z,gw-3MVDXHQ-TXN-3MVDXHQ-001024
TXN-3MVDXHQ-001025,19710.19,INR,2026-08-19T17:44:42.568Z,gw-3MVDXHQ-TXN-3MVDXHQ-001025
TXN-3MVDXHQ-001026,34839.06,INR,2026-08-19T17:44:42.605Z,gw-3MVDXHQ-TXN-3MVDXHQ-001026
TXN-3MVDXHQ-001027,16725.80,INR,2026-08-19T17:44:42.718Z,gw-3MVDXHQ-TXN-3MVDXHQ-001027
TXN-3MVDXHQ-001028,14511.15,INR,2026-08-19T17:44:42.870Z,gw-3MVDXHQ-TXN-3MVDXHQ-001028
TXN-3MVDXHQ-001029,37765.31,INR,2026-08-19T17:44:42.965Z,gw-3MVDXHQ-TXN-3MVDXHQ-001029
TXN-3MVDXHQ-001030,19270.11,INR,2026-08-19T17:44:43.010Z,gw-3MVDXHQ-TXN-3MVDXHQ-001030
TXN-3MVDXHQ-001031,25349.54,INR,2026-08-19T17:44:43.187Z,gw-3MVDXHQ-TXN-3MVDXHQ-001031
TXN-3MVDXHQ-001032,49549.54,INR,2026-08-19T17:44:43.298Z,gw-3MVDXHQ-TXN-3MVDXHQ-001032
TXN-3MVDXHQ-001033,48714.02,INR,2026-08-19T17:44:43.360Z,gw-3MVDXHQ-TXN-3MVDXHQ-001033
TXN-3MVDXHQ-001034,22338.53,INR,2026-08-19T17:44:43.461Z,gw-3MVDXHQ-TXN-3MVDXHQ-001034
TXN-3MVDXHQ-001035,23590.63,INR,2026-08-19T17:44:43.523Z,gw-3MVDXHQ-TXN-3MVDXHQ-001035
TXN-3MVDXHQ-001036,656.29,INR,2026-08-19T17:44:43.604Z,gw-3MVDXHQ-TXN-3MVDXHQ-001036
TXN-3MVDXHQ-001037,40493.49,INR,2026-08-19T17:44:43.710Z,gw-3MVDXHQ-TXN-3MVDXHQ-001037
TXN-3MVDXHQ-001038,22529.97,INR,2026-08-19T17:44:43.863Z,gw-3MVDXHQ-TXN-3MVDXHQ-001038
TXN-3MVDXHQ-001039,38498.28,INR,2026-08-19T17:44:43.950Z,gw-3MVDXHQ-TXN-3MVDXHQ-001039
TXN-3MVDXHQ-001040,18275.66,INR,2026-08-19T17:44:44.003Z,gw-3MVDXHQ-TXN-3MVDXHQ-001040
TXN-3MVDXHQ-001041,42296.35,INR,2026-08-19T17:44:44.156Z,gw-3MVDXHQ-TXN-3MVDXHQ-001041
TXN-3MVDXHQ-001042,20566.91,INR,2026-08-19T17:44:44.254Z,gw-3MVDXHQ-TXN-3MVDXHQ-001042
TXN-3MVDXHQ-001043,48979.06,INR,2026-08-19T17:44:44.375Z,gw-3MVDXHQ-TXN-3MVDXHQ-001043
TXN-3MVDXHQ-001044,19814.28,INR,2026-08-19T17:44:44.425Z,gw-3MVDXHQ-TXN-3MVDXHQ-001044
TXN-3MVDXHQ-001045,6965.97,INR,2026-08-19T17:44:44.501Z,gw-3MVDXHQ-TXN-3MVDXHQ-001045
TXN-3MVDXHQ-001046,8320.37,INR,2026-08-19T17:44:44.625Z,gw-3MVDXHQ-TXN-3MVDXHQ-001046
TXN-3MVDXHQ-001047,13027.94,INR,2026-08-19T17:44:44.708Z,gw-3MVDXHQ-TXN-3MVDXHQ-001047
TXN-3MVDXHQ-001048,35537.70,INR,2026-08-19T17:44:44.841Z,gw-3MVDXHQ-TXN-3MVDXHQ-001048
TXN-3MVDXHQ-001049,5847.50,INR,2026-08-19T17:44:44.920Z,gw-3MVDXHQ-TXN-3MVDXHQ-001049
TXN-3MVDXHQ-001050,47272.56,INR,2026-08-19T17:44:45.080Z,gw-3MVDXHQ-TXN-3MVDXHQ-001050
TXN-3MVDXHQ-001051,24856.36,INR,2026-08-19T17:44:45.107Z,gw-3MVDXHQ-TXN-3MVDXHQ-001051
TXN-3MVDXHQ-001052,30063.19,INR,2026-08-19T17:44:45.222Z,gw-3MVDXHQ-TXN-3MVDXHQ-001052
TXN-3MVDXHQ-001053,21772.94,INR,2026-08-19T17:44:45.357Z,gw-3MVDXHQ-TXN-3MVDXHQ-001053
TXN-3MVDXHQ-001054,3699.49,INR,2026-08-19T17:44:45.450Z,gw-3MVDXHQ-TXN-3MVDXHQ-001054
TXN-3MVDXHQ-001055,49881.08,INR,2026-08-19T17:44:45.548Z,gw-3MVDXHQ-TXN-3MVDXHQ-001055
TXN-3MVDXHQ-001056,534.01,INR,2026-08-19T17:44:45.609Z,gw-3MVDXHQ-TXN-3MVDXHQ-001056
TXN-3MVDXHQ-001057,18263.29,INR,2026-08-19T17:44:45.726Z,gw-3MVDXHQ-TXN-3MVDXHQ-001057
TXN-3MVDXHQ-001058,4549.91,INR,2026-08-19T17:44:45.827Z,gw-3MVDXHQ-TXN-3MVDXHQ-001058
TXN-3MVDXHQ-001059,24195.95,INR,2026-08-19T17:44:45.929Z,gw-3MVDXHQ-TXN-3MVDXHQ-001059
TXN-3MVDXHQ-001060,15492.56,INR,2026-08-19T17:44:46.029Z,gw-3MVDXHQ-TXN-3MVDXHQ-001060
TXN-3MVDXHQ-001061,23199.88,INR,2026-08-19T17:44:46.145Z,gw-3MVDXHQ-TXN-3MVDXHQ-001061
TXN-3MVDXHQ-001062,37731.54,INR,2026-08-19T17:44:46.292Z,gw-3MVDXHQ-TXN-3MVDXHQ-001062
TXN-3MVDXHQ-001063,12106.59,INR,2026-08-19T17:44:46.397Z,gw-3MVDXHQ-TXN-3MVDXHQ-001063
TXN-3MVDXHQ-001064,29966.94,INR,2026-08-19T17:44:46.451Z,gw-3MVDXHQ-TXN-3MVDXHQ-001064
TXN-3MVDXHQ-001065,45401.23,INR,2026-08-19T17:44:46.598Z,gw-3MVDXHQ-TXN-3MVDXHQ-001065
TXN-3MVDXHQ-001066,39771.83,INR,2026-08-19T17:44:46.636Z,gw-3MVDXHQ-TXN-3MVDXHQ-001066
TXN-3MVDXHQ-001067,22733.46,INR,2026-08-19T17:44:46.736Z,gw-3MVDXHQ-TXN-3MVDXHQ-001067
TXN-3MVDXHQ-001068,45093.72,INR,2026-08-19T17:44:46.888Z,gw-3MVDXHQ-TXN-3MVDXHQ-001068
TXN-3MVDXHQ-001069,6429.07,INR,2026-08-19T17:44:46.970Z,gw-3MVDXHQ-TXN-3MVDXHQ-001069
TXN-3MVDXHQ-001070,39791.30,INR,2026-08-19T17:44:47.024Z,gw-3MVDXHQ-TXN-3MVDXHQ-001070
TXN-3MVDXHQ-001071,21814.34,INR,2026-08-19T17:44:47.111Z,gw-3MVDXHQ-TXN-3MVDXHQ-001071
TXN-3MVDXHQ-001072,7831.46,INR,2026-08-19T17:44:47.292Z,gw-3MVDXHQ-TXN-3MVDXHQ-001072
TXN-3MVDXHQ-001073,5559.62,INR,2026-08-19T17:44:47.390Z,gw-3MVDXHQ-TXN-3MVDXHQ-001073
TXN-3MVDXHQ-001074,44837.23,INR,2026-08-19T17:44:47.491Z,gw-3MVDXHQ-TXN-3MVDXHQ-001074
TXN-3MVDXHQ-001075,18236.55,INR,2026-08-19T17:44:47.534Z,gw-3MVDXHQ-TXN-3MVDXHQ-001075
TXN-3MVDXHQ-001076,29143.08,INR,2026-08-19T17:44:47.605Z,gw-3MVDXHQ-TXN-3MVDXHQ-001076
TXN-3MVDXHQ-001077,34757.22,INR,2026-08-19T17:44:47.722Z,gw-3MVDXHQ-TXN-3MVDXHQ-001077
TXN-3MVDXHQ-001078,19151.50,INR,2026-08-19T17:44:47.882Z,gw-3MVDXHQ-TXN-3MVDXHQ-001078
TXN-3MVDXHQ-001079,9114.12,INR,2026-08-19T17:44:47.936Z,gw-3MVDXHQ-TXN-3MVDXHQ-001079
TXN-3MVDXHQ-001080,44073.40,INR,2026-08-19T17:44:48.026Z,gw-3MVDXHQ-TXN-3MVDXHQ-001080
TXN-3MVDXHQ-001081,43732.81,INR,2026-08-19T17:44:48.168Z,gw-3MVDXHQ-TXN-3MVDXHQ-001081
TXN-3MVDXHQ-001082,13438.74,INR,2026-08-19T17:44:48.298Z,gw-3MVDXHQ-TXN-3MVDXHQ-001082
TXN-3MVDXHQ-001083,39885.16,INR,2026-08-19T17:44:48.322Z,gw-3MVDXHQ-TXN-3MVDXHQ-001083
TXN-3MVDXHQ-001084,23726.20,INR,2026-08-19T17:44:48.418Z,gw-3MVDXHQ-TXN-3MVDXHQ-001084
TXN-3MVDXHQ-001085,2031.88,INR,2026-08-19T17:44:48.502Z,gw-3MVDXHQ-TXN-3MVDXHQ-001085
TXN-3MVDXHQ-001086,12763.61,INR,2026-08-19T17:44:48.669Z,gw-3MVDXHQ-TXN-3MVDXHQ-001086
TXN-3MVDXHQ-001087,38178.44,INR,2026-08-19T17:44:48.712Z,gw-3MVDXHQ-TXN-3MVDXHQ-001087
TXN-3MVDXHQ-001088,7196.91,INR,2026-08-19T17:44:48.871Z,gw-3MVDXHQ-TXN-3MVDXHQ-001088
TXN-3MVDXHQ-001089,26673.19,INR,2026-08-19T17:44:48.963Z,gw-3MVDXHQ-TXN-3MVDXHQ-001089
TXN-3MVDXHQ-001090,39867.14,INR,2026-08-19T17:44:49.049Z,gw-3MVDXHQ-TXN-3MVDXHQ-001090
TXN-3MVDXHQ-001091,21588.80,INR,2026-08-19T17:44:49.166Z,gw-3MVDXHQ-TXN-3MVDXHQ-001091
TXN-3MVDXHQ-001092,38384.18,INR,2026-08-19T17:44:49.254Z,gw-3MVDXHQ-TXN-3MVDXHQ-001092
TXN-3MVDXHQ-001093,25338.24,INR,2026-08-19T17:44:49.346Z,gw-3MVDXHQ-TXN-3MVDXHQ-001093
TXN-3MVDXHQ-001094,45799.93,INR,2026-08-19T17:44:49.431Z,gw-3MVDXHQ-TXN-3MVDXHQ-001094
TXN-3MVDXHQ-001095,47496.22,INR,2026-08-19T17:44:49.596Z,gw-3MVDXHQ-TXN-3MVDXHQ-001095
TXN-3MVDXHQ-001096,6347.02,INR,2026-08-19T17:44:49.632Z,gw-3MVDXHQ-TXN-3MVDXHQ-001096
TXN-3MVDXHQ-001097,19110.28,INR,2026-08-19T17:44:49.727Z,gw-3MVDXHQ-TXN-3MVDXHQ-001097
TXN-3MVDXHQ-001098,33386.67,INR,2026-08-19T17:44:49.843Z,gw-3MVDXHQ-TXN-3MVDXHQ-001098
TXN-3MVDXHQ-001099,14191.58,INR,2026-08-19T17:44:49.980Z,gw-3MVDXHQ-TXN-3MVDXHQ-001099
TXN-3MVDXHQ-001100,14360.58,INR,2026-08-19T17:44:50.020Z,gw-3MVDXHQ-TXN-3MVDXHQ-001100
TXN-3MVDXHQ-001101,11724.28,INR,2026-08-19T17:44:50.125Z,gw-3MVDXHQ-TXN-3MVDXHQ-001101
TXN-3MVDXHQ-001102,13771.83,INR,2026-08-19T17:44:50.205Z,gw-3MVDXHQ-TXN-3MVDXHQ-001102
TXN-3MVDXHQ-001103,14371.18,INR,2026-08-19T17:44:50.308Z,gw-3MVDXHQ-TXN-3MVDXHQ-001103
TXN-3MVDXHQ-001104,23961.26,INR,2026-08-19T17:44:50.459Z,gw-3MVDXHQ-TXN-3MVDXHQ-001104
TXN-3MVDXHQ-001105,25462.04,INR,2026-08-19T17:44:50.537Z,gw-3MVDXHQ-TXN-3MVDXHQ-001105
TXN-3MVDXHQ-001106,7566.66,INR,2026-08-19T17:44:50.604Z,gw-3MVDXHQ-TXN-3MVDXHQ-001106
TXN-3MVDXHQ-001107,9220.70,INR,2026-08-19T17:44:50.800Z,gw-3MVDXHQ-TXN-3MVDXHQ-001107
TXN-3MVDXHQ-001108,5178.72,INR,2026-08-19T17:44:50.860Z,gw-3MVDXHQ-TXN-3MVDXHQ-001108
TXN-3MVDXHQ-001109,11314.82,INR,2026-08-19T17:44:50.983Z,gw-3MVDXHQ-TXN-3MVDXHQ-001109
TXN-3MVDXHQ-001110,2925.14,INR,2026-08-19T17:44:51.086Z,gw-3MVDXHQ-TXN-3MVDXHQ-001110
TXN-3MVDXHQ-001111,38628.71,INR,2026-08-19T17:44:51.122Z,gw-3MVDXHQ-TXN-3MVDXHQ-001111
TXN-3MVDXHQ-001112,928.30,INR,2026-08-19T17:44:51.284Z,gw-3MVDXHQ-TXN-3MVDXHQ-001112
TXN-3MVDXHQ-001113,4584.06,INR,2026-08-19T17:44:51.359Z,gw-3MVDXHQ-TXN-3MVDXHQ-001113
TXN-3MVDXHQ-001114,32882.26,INR,2026-08-19T17:44:51.447Z,gw-3MVDXHQ-TXN-3MVDXHQ-001114
TXN-3MVDXHQ-001115,38702.76,INR,2026-08-19T17:44:51.536Z,gw-3MVDXHQ-TXN-3MVDXHQ-001115
TXN-3MVDXHQ-001116,47923.24,INR,2026-08-19T17:44:51.626Z,gw-3MVDXHQ-TXN-3MVDXHQ-001116
TXN-3MVDXHQ-001117,31715.22,INR,2026-08-19T17:44:51.761Z,gw-3MVDXHQ-TXN-3MVDXHQ-001117
TXN-3MVDXHQ-001118,23844.97,INR,2026-08-19T17:44:51.804Z,gw-3MVDXHQ-TXN-3MVDXHQ-001118
TXN-3MVDXHQ-001119,10972.70,INR,2026-08-19T17:44:51.933Z,gw-3MVDXHQ-TXN-3MVDXHQ-001119
TXN-3MVDXHQ-001120,39477.80,INR,2026-08-19T17:44:52.095Z,gw-3MVDXHQ-TXN-3MVDXHQ-001120
TXN-3MVDXHQ-001121,31798.37,INR,2026-08-19T17:44:52.154Z,gw-3MVDXHQ-TXN-3MVDXHQ-001121
TXN-3MVDXHQ-001122,42115.19,INR,2026-08-19T17:44:52.289Z,gw-3MVDXHQ-TXN-3MVDXHQ-001122
TXN-3MVDXHQ-001122,42115.19,INR,2026-08-19T17:44:52.289Z,gw-3MVDXHQ-TXN-3MVDXHQ-001122
TXN-3MVDXHQ-001123,12808.04,INR,2026-08-19T17:44:52.354Z,gw-3MVDXHQ-TXN-3MVDXHQ-001123
TXN-3MVDXHQ-001124,25061.41,INR,2026-08-19T17:44:52.446Z,gw-3MVDXHQ-TXN-3MVDXHQ-001124
TXN-3MVDXHQ-001125,27630.82,INR,2026-08-19T17:44:52.565Z,gw-3MVDXHQ-TXN-3MVDXHQ-001125
TXN-3MVDXHQ-001126,46893.59,INR,2026-08-19T17:44:52.678Z,gw-3MVDXHQ-TXN-3MVDXHQ-001126
TXN-3MVDXHQ-001127,1519.51,INR,2026-08-19T17:44:52.719Z,gw-3MVDXHQ-TXN-3MVDXHQ-001127
TXN-3MVDXHQ-001128,12483.49,INR,2026-08-19T17:44:52.863Z,gw-3MVDXHQ-TXN-3MVDXHQ-001128
TXN-3MVDXHQ-001129,2435.57,INR,2026-08-19T17:44:52.903Z,gw-3MVDXHQ-TXN-3MVDXHQ-001129
TXN-3MVDXHQ-001130,26664.73,INR,2026-08-19T17:44:53.077Z,gw-3MVDXHQ-TXN-3MVDXHQ-001130
TXN-3MVDXHQ-001131,8262.35,INR,2026-08-19T17:44:53.114Z,gw-3MVDXHQ-TXN-3MVDXHQ-001131
TXN-3MVDXHQ-001132,33946.09,INR,2026-08-19T17:44:53.206Z,gw-3MVDXHQ-TXN-3MVDXHQ-001132
TXN-3MVDXHQ-001133,13226.86,INR,2026-08-19T17:44:53.394Z,gw-3MVDXHQ-TXN-3MVDXHQ-001133
TXN-3MVDXHQ-001134,11343.42,INR,2026-08-19T17:44:53.459Z,gw-3MVDXHQ-TXN-3MVDXHQ-001134
TXN-3MVDXHQ-001135,18466.76,INR,2026-08-19T17:44:53.564Z,gw-3MVDXHQ-TXN-3MVDXHQ-001135
TXN-3MVDXHQ-001136,46852.12,INR,2026-08-19T17:44:53.651Z,gw-3MVDXHQ-TXN-3MVDXHQ-001136
TXN-3MVDXHQ-001137,37655.68,INR,2026-08-19T17:44:53.766Z,gw-3MVDXHQ-TXN-3MVDXHQ-001137
TXN-3MVDXHQ-001138,18050.56,INR,2026-08-19T17:44:53.872Z,gw-3MVDXHQ-TXN-3MVDXHQ-001138
TXN-3MVDXHQ-001139,1393.82,INR,2026-08-19T17:44:53.992Z,gw-3MVDXHQ-TXN-3MVDXHQ-001139
TXN-3MVDXHQ-001140,3099.17,INR,2026-08-19T17:44:54.018Z,gw-3MVDXHQ-TXN-3MVDXHQ-001140
TXN-3MVDXHQ-001141,15996.85,INR,2026-08-19T17:44:54.129Z,gw-3MVDXHQ-TXN-3MVDXHQ-001141
TXN-3MVDXHQ-001142,29559.69,INR,2026-08-19T17:44:54.209Z,gw-3MVDXHQ-TXN-3MVDXHQ-001142
TXN-3MVDXHQ-001143,13907.31,INR,2026-08-19T17:44:54.391Z,gw-3MVDXHQ-TXN-3MVDXHQ-001143
TXN-3MVDXHQ-001144,24079.93,INR,2026-08-19T17:44:54.485Z,gw-3MVDXHQ-TXN-3MVDXHQ-001144
TXN-3MVDXHQ-001145,42403.58,INR,2026-08-19T17:44:54.592Z,gw-3MVDXHQ-TXN-3MVDXHQ-001145
TXN-3MVDXHQ-001146,41241.21,INR,2026-08-19T17:44:54.639Z,gw-3MVDXHQ-TXN-3MVDXHQ-001146
TXN-3MVDXHQ-001147,34363.84,INR,2026-08-19T17:44:54.752Z,gw-3MVDXHQ-TXN-3MVDXHQ-001147
TXN-3MVDXHQ-001148,266.88,INR,2026-08-19T17:44:54.864Z,gw-3MVDXHQ-TXN-3MVDXHQ-001148
TXN-3MVDXHQ-001149,8525.98,INR,2026-08-19T17:44:54.956Z,gw-3MVDXHQ-TXN-3MVDXHQ-001149
TXN-3MVDXHQ-001150,32153.79,INR,2026-08-19T17:44:55.074Z,gw-3MVDXHQ-TXN-3MVDXHQ-001150
TXN-3MVDXHQ-001151,32318.12,INR,2026-08-19T17:44:55.118Z,gw-3MVDXHQ-TXN-3MVDXHQ-001151
TXN-3MVDXHQ-001152,22741.49,INR,2026-08-19T17:44:55.249Z,gw-3MVDXHQ-TXN-3MVDXHQ-001152
TXN-3MVDXHQ-001153,4098.36,INR,2026-08-19T17:44:55.324Z,gw-3MVDXHQ-TXN-3MVDXHQ-001153
TXN-3MVDXHQ-001154,21349.07,INR,2026-08-19T17:44:55.400Z,gw-3MVDXHQ-TXN-3MVDXHQ-001154
TXN-3MVDXHQ-001155,38504.27,INR,2026-08-19T17:44:55.547Z,gw-3MVDXHQ-TXN-3MVDXHQ-001155
TXN-3MVDXHQ-001156,11416.31,INR,2026-08-19T17:44:55.655Z,gw-3MVDXHQ-TXN-3MVDXHQ-001156
TXN-3MVDXHQ-001157,8712.72,INR,2026-08-19T17:44:55.762Z,gw-3MVDXHQ-TXN-3MVDXHQ-001157
TXN-3MVDXHQ-001158,8401.90,INR,2026-08-19T17:44:55.892Z,gw-3MVDXHQ-TXN-3MVDXHQ-001158
TXN-3MVDXHQ-001159,7518.10,INR,2026-08-19T17:44:55.934Z,gw-3MVDXHQ-TXN-3MVDXHQ-001159
TXN-3MVDXHQ-001160,13243.78,INR,2026-08-19T17:44:56.096Z,gw-3MVDXHQ-TXN-3MVDXHQ-001160
TXN-3MVDXHQ-001161,24826.85,INR,2026-08-19T17:44:56.165Z,gw-3MVDXHQ-TXN-3MVDXHQ-001161
TXN-3MVDXHQ-001162,4531.51,INR,2026-08-19T17:44:56.234Z,gw-3MVDXHQ-TXN-3MVDXHQ-001162
TXN-3MVDXHQ-001163,21590.00,INR,2026-08-19T17:44:56.381Z,gw-3MVDXHQ-TXN-3MVDXHQ-001163
TXN-3MVDXHQ-001164,18776.17,INR,2026-08-19T17:44:56.409Z,gw-3MVDXHQ-TXN-3MVDXHQ-001164
TXN-3MVDXHQ-001165,4287.30,INR,2026-08-19T17:44:56.537Z,gw-3MVDXHQ-TXN-3MVDXHQ-001165
TXN-3MVDXHQ-001166,32284.76,INR,2026-08-19T17:44:56.665Z,gw-3MVDXHQ-TXN-3MVDXHQ-001166
TXN-3MVDXHQ-001167,35639.52,INR,2026-08-19T17:44:56.768Z,gw-3MVDXHQ-TXN-3MVDXHQ-001167
TXN-3MVDXHQ-001168,13016.45,INR,2026-08-19T17:44:56.847Z,gw-3MVDXHQ-TXN-3MVDXHQ-001168
TXN-3MVDXHQ-001169,21519.08,INR,2026-08-19T17:44:56.941Z,gw-3MVDXHQ-TXN-3MVDXHQ-001169
TXN-3MVDXHQ-001170,8370.49,INR,2026-08-19T17:44:57.048Z,gw-3MVDXHQ-TXN-3MVDXHQ-001170
TXN-3MVDXHQ-001171,45550.51,INR,2026-08-19T17:44:57.173Z,gw-3MVDXHQ-TXN-3MVDXHQ-001171
TXN-3MVDXHQ-001172,33667.42,INR,2026-08-19T17:44:57.286Z,gw-3MVDXHQ-TXN-3MVDXHQ-001172
TXN-3MVDXHQ-001173,34668.54,INR,2026-08-19T17:44:57.346Z,gw-3MVDXHQ-TXN-3MVDXHQ-001173
TXN-3MVDXHQ-001174,46074.33,INR,2026-08-19T17:44:57.447Z,gw-3MVDXHQ-TXN-3MVDXHQ-001174
TXN-3MVDXHQ-001175,49082.42,INR,2026-08-19T17:44:57.561Z,gw-3MVDXHQ-TXN-3MVDXHQ-001175
TXN-3MVDXHQ-001176,41102.65,INR,2026-08-19T17:44:57.623Z,gw-3MVDXHQ-TXN-3MVDXHQ-001176
TXN-3MVDXHQ-001177,45858.82,INR,2026-08-19T17:44:57.719Z,gw-3MVDXHQ-TXN-3MVDXHQ-001177
TXN-3MVDXHQ-001178,27171.63,INR,2026-08-19T17:44:57.851Z,gw-3MVDXHQ-TXN-3MVDXHQ-001178
TXN-3MVDXHQ-001179,44377.78,INR,2026-08-19T17:44:57.908Z,gw-3MVDXHQ-TXN-3MVDXHQ-001179
TXN-3MVDXHQ-001180,8139.88,INR,2026-08-19T17:44:58.096Z,gw-3MVDXHQ-TXN-3MVDXHQ-001180
TXN-3MVDXHQ-001181,6178.55,INR,2026-08-19T17:44:58.177Z,gw-3MVDXHQ-TXN-3MVDXHQ-001181
TXN-3MVDXHQ-001182,38711.84,INR,2026-08-19T17:44:58.268Z,gw-3MVDXHQ-TXN-3MVDXHQ-001182
TXN-3MVDXHQ-001182,38711.84,INR,2026-08-19T17:44:58.268Z,gw-3MVDXHQ-TXN-3MVDXHQ-001182
TXN-3MVDXHQ-001183,28459.09,INR,2026-08-19T17:44:58.391Z,gw-3MVDXHQ-TXN-3MVDXHQ-001183
TXN-3MVDXHQ-001184,36639.34,INR,2026-08-19T17:44:58.479Z,gw-3MVDXHQ-TXN-3MVDXHQ-001184
TXN-3MVDXHQ-001185,29540.82,INR,2026-08-19T17:44:58.522Z,gw-3MVDXHQ-TXN-3MVDXHQ-001185
TXN-3MVDXHQ-001186,1870.03,INR,2026-08-19T17:44:58.676Z,gw-3MVDXHQ-TXN-3MVDXHQ-001186
TXN-3MVDXHQ-001187,3882.51,INR,2026-08-19T17:44:58.742Z,gw-3MVDXHQ-TXN-3MVDXHQ-001187
TXN-3MVDXHQ-001188,5997.58,INR,2026-08-19T17:44:58.887Z,gw-3MVDXHQ-TXN-3MVDXHQ-001188
TXN-3MVDXHQ-001189,16853.69,INR,2026-08-19T17:44:58.979Z,gw-3MVDXHQ-TXN-3MVDXHQ-001189
TXN-3MVDXHQ-001190,9461.17,INR,2026-08-19T17:44:59.018Z,gw-3MVDXHQ-TXN-3MVDXHQ-001190
TXN-3MVDXHQ-001191,27528.67,INR,2026-08-19T17:44:59.109Z,gw-3MVDXHQ-TXN-3MVDXHQ-001191
TXN-3MVDXHQ-001192,30203.62,INR,2026-08-19T17:44:59.234Z,gw-3MVDXHQ-TXN-3MVDXHQ-001192
TXN-3MVDXHQ-001193,30142.94,INR,2026-08-19T17:44:59.310Z,gw-3MVDXHQ-TXN-3MVDXHQ-001193
TXN-3MVDXHQ-001194,4362.49,INR,2026-08-19T17:44:59.414Z,gw-3MVDXHQ-TXN-3MVDXHQ-001194
TXN-3MVDXHQ-001195,17690.49,INR,2026-08-19T17:44:59.518Z,gw-3MVDXHQ-TXN-3MVDXHQ-001195
TXN-3MVDXHQ-001196,35097.50,INR,2026-08-19T17:44:59.637Z,gw-3MVDXHQ-TXN-3MVDXHQ-001196
TXN-3MVDXHQ-001197,6267.93,INR,2026-08-19T17:44:59.780Z,gw-3MVDXHQ-TXN-3MVDXHQ-001197
TXN-3MVDXHQ-001198,12283.42,INR,2026-08-19T17:44:59.844Z,gw-3MVDXHQ-TXN-3MVDXHQ-001198
TXN-3MVDXHQ-001199,17797.51,INR,2026-08-19T17:44:59.943Z,gw-3MVDXHQ-TXN-3MVDXHQ-001199
